name;mata-runtime;mata-mataparsing;mata-mataminterm;mata-compl;mata-trim;mata-emptiness_check;mata-emptiness_check_result;mata-overall;mata-old-runtime;mata-old-mataparsing;mata-old-mataminterm;mata-old-compl;mata-old-trim;mata-old-emptiness_check;mata-old-emptiness_check_result;mata-old-overall;mata-sim-runtime;mata-sim-mataparsing;mata-sim-mataminterm;mata-sim-reduce;mata-sim-compl;mata-sim-trim;mata-sim-emptiness_check;mata-sim-emptiness_check_result;mata-sim-overall;pymata-runtime;pymata-construction;pymata-conversion;pymata-complement;pymata-trimming;pymata-emptiness;pymata-result;pymata-interpretation;pymata-overall
/home/experiments/nfa-bench/benchmarks/presburger/complement/UltimateAutomizer/MADWiFi-encode_ie_ok_true-unreach-call.i_17.0.mata;0.2; 0.188137; 0.040046; 0.001081; 9.9e-05; 5.8e-05; false; 0.233394;0.16; 0.147368; 0.032693; 0.000715; 9.1e-05; 4.4e-05; false; 0.184323;0.23; 0.200756; 0.039984; 0.002835; 0.000175; 2.5e-05; 1.2e-05; false; 0.246317;1.37; 0.2989; 0.0000; 0.0030; 0.0002; 0.0000; False; 0.0033; 0.3026
/home/experiments/nfa-bench/benchmarks/presburger/complement/UltimateAutomizer/MADWiFi-encode_ie_ok_true-unreach-call.i_7.0.mata;0.16; 0.148696; 0.033749; 0.000913; 9.8e-05; 4.3e-05; false; 0.187256;0.17; 0.145521; 0.041544; 0.001002; 0.00015; 5.2e-05; false; 0.192855;0.1; 0.086195; 0.035944; 0.002905; 0.000251; 3.1e-05; 2.8e-05; false; 0.129471;1.05; 0.1281; 0.0000; 0.0017; 0.0001; 0.0000; False; 0.0018; 0.1302
/home/experiments/nfa-bench/benchmarks/presburger/complement/UltimateAutomizer/Primes_true-unreach-call.c_127.0.mata;0.06; 0.05867; 0.016538; 0.00026; 3.3e-05; 1.4e-05; false; 0.076733;0.06; 0.061067; 0.017468; 0.00029; 3.2e-05; 1.1e-05; false; 0.08016;0.06; 0.059078; 0.016161; 0.000433; 9.3e-05; 1.6e-05; 8e-06; false; 0.076949;1.06; 0.0833; 0.0000; 0.0006; 0.0000; 0.0000; False; 0.0006; 0.0842
/home/experiments/nfa-bench/benchmarks/presburger/complement/UltimateAutomizer/Primes_true-unreach-call.c_1657.0.mata;14.39; 12.288; 3.38253; 0.054548; 0.000319; 0.000126; false; 15.7335;13.85; 12.5916; 2.71361; 0.066262; 0.000326; 0.000136; false; 15.3793;15.26; 14.4474; 2.53139; 0.004536; 0.000164; 1.9e-05; 3.3e-05; false; 16.9905;TO;MISSING;MISSING;MISSING;MISSING;MISSING;MISSING;MISSING;MISSING
/home/experiments/nfa-bench/benchmarks/presburger/complement/UltimateAutomizer/Primes_true-unreach-call.c_187.0.mata;0.84; 0.783807; 0.162061; 0.001349; 7.1e-05; 2e-05; false; 0.948344;1.16; 1.13749; 0.16522; 0.001718; 6.6e-05; 2e-05; false; 1.30556;1.4; 1.32309; 0.257589; 0.001116; 0.00011; 1.8e-05; 1.6e-05; false; 1.58343;7.34; 6.6960; 0.0000; 0.0042; 0.0001; 0.0000; False; 0.0043; 6.7007
/home/experiments/nfa-bench/benchmarks/presburger/complement/UltimateAutomizer/Primes_true-unreach-call.c_2207.0.mata;0.22; 0.204019; 0.042133; 0.002402; 0.000105; 3.1e-05; false; 0.250449;0.21; 0.199022; 0.042489; 0.002693; 0.000115; 3.2e-05; false; 0.246089;0.23; 0.212526; 0.048462; 0.000877; 9.7e-05; 1.7e-05; 1.3e-05; false; 0.263933;1.52; 0.3869; 0.0000; 0.0047; 0.0002; 0.0000; False; 0.0050; 0.3923
/home/experiments/nfa-bench/benchmarks/presburger/complement/UltimateAutomizer/Primes_true-unreach-call.c_2317.0.mata;0.6; 0.562056; 0.107714; 0.003072; 0.000122; 3.6e-05; false; 0.674617;0.58; 0.534968; 0.107217; 0.0029; 0.000113; 3.3e-05; false; 0.64681;0.59; 0.55952; 0.104694; 0.00092; 0.000101; 1.5e-05; 1.4e-05; false; 0.66662;2.71; 1.6387; 0.0000; 0.0046; 0.0001; 0.0000; False; 0.0048; 1.6439
/home/experiments/nfa-bench/benchmarks/presburger/complement/UltimateAutomizer/Primes_true-unreach-call.c_237.0.mata;0.01; 0.012574; 0.007542; 0.000193; 2.7e-05; 9e-06; false; 0.02137;0.01; 0.012364; 0.007502; 0.00019; 2.5e-05; 9e-06; false; 0.021125;0.01; 0.01245; 0.007468; 0.000235; 5.7e-05; 1e-05; 6e-06; false; 0.021168;1.3; 0.0314; 0.0000; 0.0006; 0.0000; 0.0000; False; 0.0007; 0.0324
/home/experiments/nfa-bench/benchmarks/presburger/complement/UltimateAutomizer/Primes_true-unreach-call.c_276.0.mata;0.21; 0.185881; 0.044349; 0.002365; 0.00019; 4.3e-05; false; 0.235319;0.22; 0.206567; 0.048907; 0.002543; 0.000103; 2.9e-05; false; 0.260041;0.23; 0.207751; 0.050427; 0.000751; 8.1e-05; 1.5e-05; 1.1e-05; false; 0.260705;1.87; 0.4521; 0.0000; 0.0052; 0.0003; 0.0000; False; 0.0057; 0.4582
/home/experiments/nfa-bench/benchmarks/presburger/complement/UltimateAutomizer/Primes_true-unreach-call.c_297.0.mata;0.63; 0.583235; 0.122205; 0.00235; 0.000163; 1.7e-05; false; 0.709692;0.61; 0.565966; 0.117345; 0.002699; 0.000136; 1.5e-05; false; 0.687892;0.64; 0.576678; 0.141432; 0.001374; 0.000138; 2.7e-05; 2.8e-05; false; 0.721579;3.05; 1.7318; 0.0000; 0.0031; 0.0002; 0.0000; False; 0.0034; 1.7356
/home/experiments/nfa-bench/benchmarks/presburger/complement/UltimateAutomizer/Primes_true-unreach-call.c_597.0.mata;0.59; 0.541078; 0.108944; 0.002316; 0.000111; 2.2e-05; false; 0.656764;0.48; 0.425624; 0.108899; 0.002455; 0.000119; 2.3e-05; false; 0.541673;0.5; 0.478809; 0.093375; 0.00056; 6.6e-05; 1.1e-05; 1.8e-05; false; 0.577545;2.55; 1.3689; 0.0000; 0.0040; 0.0001; 0.0000; False; 0.0042; 1.3733
/home/experiments/nfa-bench/benchmarks/presburger/complement/UltimateAutomizer/Primes_true-unreach-call.c_657.0.mata;0.4; 0.361592; 0.077031; 0.001672; 0.000105; 2.4e-05; false; 0.441568;0.63; 0.551508; 0.129618; 0.003079; 0.000104; 3.4e-05; false; 0.685917;0.37; 0.346127; 0.084082; 0.000582; 0.000102; 1.6e-05; 1.2e-05; false; 0.432006;2.18; 1.3282; 0.0000; 0.0045; 0.0001; 0.0000; False; 0.0046; 1.3332
/home/experiments/nfa-bench/benchmarks/presburger/complement/UltimateAutomizer/Primes_true-unreach-call.c_670.0.mata;0.63; 0.628079; 0.098353; 0.003111; 0.000122; 1.2e-05; false; 0.731358;0.44; 0.389352; 0.109597; 0.003259; 0.000145; 1.2e-05; false; 0.504083;0.71; 0.673515; 0.148389; 0.001363; 0.000123; 1.8e-05; 1e-05; false; 0.825248;2.29; 1.3159; 0.0000; 0.0031; 0.0001; 0.0000; False; 0.0033; 1.3194
/home/experiments/nfa-bench/benchmarks/presburger/complement/UltimateAutomizer/Primes_true-unreach-call.c_671.0.mata;0.42; 0.395634; 0.081284; 0.0017; 0.000123; 2.4e-05; false; 0.48018;0.74; 0.677589; 0.136035; 0.003228; 0.000147; 3.7e-05; false; 0.819322;0.56; 0.534697; 0.089959; 0.00081; 7e-05; 1.2e-05; 1.1e-05; false; 0.626889;2.77; 1.6130; 0.0000; 0.0055; 0.0003; 0.0000; False; 0.0060; 1.6195
/home/experiments/nfa-bench/benchmarks/presburger/complement/UltimateAutomizer/Primes_true-unreach-call.c_673.0.mata;1.1; 0.947437; 0.270106; 0.002744; 0.000131; 1.3e-05; false; 1.22223;1.38; 1.36326; 0.19337; 0.002099; 7.5e-05; 9e-06; false; 1.5601;1.53; 1.41109; 0.291145; 0.001285; 0.000122; 1.8e-05; 1.6e-05; false; 1.70541;7.73; 6.7804; 0.0000; 0.0032; 0.0001; 0.0000; False; 0.0033; 6.7841
/home/experiments/nfa-bench/benchmarks/presburger/complement/UltimateAutomizer/Primes_true-unreach-call.c_678.0.mata;1.3; 1.2246; 0.221495; 0.003259; 0.000193; 4.6e-05; false; 1.45178;1.03; 0.876096; 0.287592; 0.00317; 0.000128; 3.8e-05; false; 1.16901;1.58; 1.45449; 0.307731; 0.001292; 0.000113; 1.7e-05; 1.6e-05; false; 1.76551;5.62; 4.8324; 0.0000; 0.0030; 0.0001; 0.0000; False; 0.0031; 4.8357
/home/experiments/nfa-bench/benchmarks/presburger/complement/UltimateAutomizer/Primes_true-unreach-call.c_798.0.mata;34.94; 45.2581; 5.86429; 0.047312; 0.00026; 0.000122; false; 51.1793;36.83; 47.1276; 7.51658; 0.040645; 0.000328; 9.1e-05; false; 54.6916;ERR;ERR;ERR;ERR;ERR;ERR;ERR;ERR;ERR;TO;MISSING;MISSING;MISSING;MISSING;MISSING;MISSING;MISSING;MISSING
/home/experiments/nfa-bench/benchmarks/presburger/complement/UltimateAutomizer/nested6_true-unreach-call.i_7.0.mata;0.01; 0.009636; 0.007736; 0.000416; 4.4e-05; 1.3e-05; false; 0.019261;0.01; 0.009952; 0.007858; 0.000383; 4.5e-05; 1.4e-05; false; 0.019716;0.01; 0.010279; 0.007729; 0.000386; 0.000206; 3.9e-05; 1.1e-05; false; 0.019996;1.25; 0.0266; 0.0000; 0.0012; 0.0001; 0.0000; False; 0.0014; 0.0283
/home/experiments/nfa-bench/benchmarks/presburger/complement/UltimateAutomizer/nested9_true-unreach-call.i_1070.0.mata;0.04; 0.034951; 0.015348; 0.001114; 6.8e-05; 1.5e-05; false; 0.053725;0.04; 0.033171; 0.013036; 0.000974; 6.2e-05; 1.2e-05; false; 0.049171;0.04; 0.033564; 0.013401; 0.001298; 0.00025; 3e-05; 1.1e-05; false; 0.050412;1.27; 0.0681; 0.0000; 0.0028; 0.0003; 0.0000; False; 0.0032; 0.0719
/home/experiments/nfa-bench/benchmarks/presburger/complement/UltimateAutomizer/nested9_true-unreach-call.i_1072.0.mata;0.08; 0.068443; 0.019167; 0.001218; 7.9e-05; 3.7e-05; false; 0.091008;0.09; 0.074964; 0.021013; 0.001061; 6.3e-05; 3.2e-05; false; 0.098847;0.09; 0.075799; 0.021245; 0.001353; 0.000255; 3e-05; 1.6e-05; false; 0.100733;1.35; 0.1437; 0.0000; 0.0023; 0.0001; 0.0000; False; 0.0025; 0.1466
/home/experiments/nfa-bench/benchmarks/presburger/complement/UltimateAutomizer/nested9_true-unreach-call.i_1107.0.mata;0.28; 0.252799; 0.064186; 0.00314; 0.00041; 8.4e-05; false; 0.325976;0.28; 0.260293; 0.060385; 0.002614; 0.000375; 7.6e-05; false; 0.328401;0.3; 0.275237; 0.058985; 0.004298; 0.000715; 7.8e-05; 4.2e-05; false; 0.343779;1.6; 0.4320; 0.0000; 0.0048; 0.0002; 0.0000; False; 0.0051; 0.4374
/home/experiments/nfa-bench/benchmarks/presburger/complement/UltimateAutomizer/nested9_true-unreach-call.i_1117.0.mata;0.16; 0.129343; 0.037089; 0.001668; 0.000191; 5.5e-05; false; 0.171569;0.14; 0.136096; 0.030106; 0.001288; 0.000144; 4.5e-05; false; 0.170407;0.15; 0.128548; 0.033701; 0.002356; 0.000561; 6.8e-05; 3.1e-05; false; 0.168156;1.36; 0.2477; 0.0000; 0.0036; 0.0003; 0.0000; False; 0.0039; 0.2522
/home/experiments/nfa-bench/benchmarks/presburger/complement/UltimateAutomizer/nested9_true-unreach-call.i_1170.0.mata;0.21; 0.179212; 0.04015; 0.001891; 0.00018; 5.8e-05; false; 0.224502;0.17; 0.160257; 0.039504; 0.001769; 0.000243; 6.3e-05; false; 0.205412;0.21; 0.19095; 0.040017; 0.002739; 0.000619; 7.3e-05; 3.3e-05; false; 0.237621;1.22; 0.1888; 0.0000; 0.0026; 0.0002; 0.0000; False; 0.0030; 0.1921
/home/experiments/nfa-bench/benchmarks/presburger/complement/UltimateAutomizer/nested9_true-unreach-call.i_1172.0.mata;0.17; 0.157173; 0.041833; 0.001901; 0.000196; 5.7e-05; false; 0.204508;0.22; 0.199084; 0.045325; 0.001893; 0.000225; 6.1e-05; false; 0.250062;0.21; 0.192648; 0.043298; 0.00288; 0.000609; 7.4e-05; 4.6e-05; false; 0.242838;1.44; 0.7144; 0.0000; 0.0061; 0.0004; 0.0000; False; 0.0065; 0.7217
/home/experiments/nfa-bench/benchmarks/presburger/complement/UltimateAutomizer/nested9_true-unreach-call.i_1307.0.mata;0.04; 0.037303; 0.013383; 0.000873; 0.000103; 2.4e-05; false; 0.053435;0.03; 0.082194; 0.038249; 0.000763; 7.5e-05; 2.2e-05; false; 0.122876;0.04; 0.105053; 0.034695; 0.000777; 0.000319; 4.2e-05; 6e-06; false; 0.142344;1.23; 0.0837; 0.0000; 0.0015; 0.0001; 0.0000; False; 0.0017; 0.0859
/home/experiments/nfa-bench/benchmarks/presburger/complement/UltimateAutomizer/nested9_true-unreach-call.i_1317.0.mata;0.02; 0.022421; 0.008255; 0.000465; 5.7e-05; 1.5e-05; false; 0.032239;0.02; 0.024827; 0.018731; 0.00048; 5.1e-05; 1.4e-05; false; 0.045016;0.02; 0.038182; 0.018353; 0.000469; 0.000219; 3.3e-05; 1e-05; false; 0.058301;0.91; 0.0805; 0.0000; 0.0011; 0.0001; 0.0000; False; 0.0012; 0.0819
/home/experiments/nfa-bench/benchmarks/presburger/complement/UltimateAutomizer/nested9_true-unreach-call.i_1337.0.mata;0.09; 0.139784; 0.022303; 0.000983; 0.00015; 3.1e-05; false; 0.165087;0.09; 0.161049; 0.022751; 0.000981; 0.000128; 3.7e-05; false; 0.186858;0.09; 0.15314; 0.022166; 0.00163; 0.000377; 5.3e-05; 2.1e-05; false; 0.179209;1.03; 0.2132; 0.0000; 0.0030; 0.0002; 0.0000; False; 0.0033; 0.2169
/home/experiments/nfa-bench/benchmarks/presburger/complement/UltimateAutomizer/nested9_true-unreach-call.i_1357.0.mata;0.1; 0.08417; 0.021633; 0.000891; 0.000109; 3.1e-05; false; 0.108579;0.09; 0.099218; 0.021636; 0.000971; 0.000132; 3.4e-05; false; 0.123915;0.09; 0.115171; 0.020841; 0.001554; 0.00037; 5.1e-05; 1.9e-05; false; 0.139632;1.43; 0.2870; 0.0000; 0.0050; 0.0002; 0.0002; False; 0.0056; 0.2933
/home/experiments/nfa-bench/benchmarks/presburger/complement/UltimateAutomizer/nested9_true-unreach-call.i_1370.0.mata;0.16; 0.16598; 0.025657; 0.001112; 0.000134; 1.1e-05; false; 0.195097;0.12; 0.105901; 0.029097; 0.001212; 0.000128; 1.1e-05; false; 0.138564;0.12; 0.108188; 0.030142; 0.002107; 0.000406; 5.6e-05; 9e-06; false; 0.14331;1.47; 0.2930; 0.0000; 0.0041; 0.0003; 0.0000; False; 0.0045; 0.2979
/home/experiments/nfa-bench/benchmarks/presburger/complement/UltimateAutomizer/nested9_true-unreach-call.i_1371.0.mata;0.2; 0.178526; 0.043666; 0.002079; 0.000197; 1.6e-05; false; 0.228053;0.2; 0.174926; 0.043921; 0.00191; 0.000179; 1.6e-05; false; 0.224426;0.2; 0.174432; 0.041424; 0.003347; 0.000727; 7.6e-05; 1.2e-05; false; 0.223415;1.27; 0.1686; 0.0000; 0.0035; 0.0003; 0.0000; False; 0.0038; 0.1727
/home/experiments/nfa-bench/benchmarks/presburger/complement/UltimateAutomizer/nested9_true-unreach-call.i_1375.0.mata;0.16; 0.142763; 0.035985; 0.001586; 0.000162; 4.8e-05; false; 0.183392;0.15; 0.136797; 0.033731; 0.001475; 0.000161; 4.8e-05; false; 0.174933;0.16; 0.139893; 0.034853; 0.002636; 0.00062; 9e-05; 3.1e-05; false; 0.180984;1.08; 0.1973; 0.0000; 0.0028; 0.0003; 0.0000; False; 0.0031; 0.2009
/home/experiments/nfa-bench/benchmarks/presburger/complement/UltimateAutomizer/nested9_true-unreach-call.i_1379.0.mata;0.2; 0.180334; 0.039675; 0.002106; 0.000286; 1.9e-05; false; 0.225809;0.19; 0.173171; 0.040991; 0.002013; 0.000251; 1.8e-05; false; 0.219928;0.21; 0.176172; 0.040325; 0.003581; 0.000724; 9.6e-05; 1.2e-05; false; 0.224312;1.46; 0.2804; 0.0000; 0.0038; 0.0003; 0.0000; False; 0.0041; 0.2849
/home/experiments/nfa-bench/benchmarks/presburger/complement/UltimateAutomizer/nested9_true-unreach-call.i_1427.0.mata;0.11; 0.111386; 0.023986; 0.001053; 0.000125; 1.1e-05; false; 0.138385;0.19; 0.171573; 0.03976; 0.002026; 0.000289; 2e-05; false; 0.217238;0.2; 0.175978; 0.040157; 0.003598; 0.000742; 9e-05; 1.4e-05; false; 0.22412;1.45; 0.2925; 0.0000; 0.0039; 0.0002; 0.0000; False; 0.0042; 0.2971
/home/experiments/nfa-bench/benchmarks/presburger/complement/UltimateAutomizer/nested9_true-unreach-call.i_1437.0.mata;0.09; 0.08507; 0.021841; 0.001147; 0.000142; 3.5e-05; false; 0.110116;0.09; 0.082991; 0.021864; 0.00109; 0.00014; 3.4e-05; false; 0.10817;0.08; 0.078603; 0.019493; 0.001684; 0.000512; 6.7e-05; 8e-06; false; 0.101988;1.16; 0.1520; 0.0000; 0.0020; 0.0001; 0.0000; False; 0.0021; 0.1544
/home/experiments/nfa-bench/benchmarks/presburger/complement/UltimateAutomizer/nested9_true-unreach-call.i_1471.0.mata;0.12; 0.104224; 0.033192; 0.00257; 0.000145; 8.4e-05; false; 0.144833;0.12; 0.114982; 0.034368; 0.002446; 0.000142; 8.4e-05; false; 0.156296;0.12; 0.131878; 0.03534; 0.003582; 0.000413; 3.2e-05; 1.5e-05; false; 0.175429;1.27; 0.1654; 0.0000; 0.0057; 0.0005; 0.0000; False; 0.0064; 0.1722
/home/experiments/nfa-bench/benchmarks/presburger/complement/UltimateAutomizer/nested9_true-unreach-call.i_1475.0.mata;0.24; 0.294596; 0.048829; 0.002377; 0.000149; 7.8e-05; false; 0.350743;0.25; 0.316602; 0.052273; 0.002609; 0.000156; 6.9e-05; false; 0.376916;0.24; 0.215871; 0.050434; 0.003905; 0.000448; 3.4e-05; 4e-05; false; 0.275192;1.14; 0.2470; 0.0000; 0.0030; 0.0001; 0.0000; False; 0.0032; 0.2505
/home/experiments/nfa-bench/benchmarks/presburger/complement/UltimateAutomizer/nested9_true-unreach-call.i_1477.0.mata;0.13; 0.109101; 0.036285; 0.002637; 0.000151; 8.2e-05; false; 0.153206;0.12; 0.099461; 0.034203; 0.002642; 0.000248; 8.9e-05; false; 0.142075;0.12; 0.103143; 0.032016; 0.003846; 0.000448; 3.2e-05; 3.6e-05; false; 0.143928;1.27; 0.1774; 0.0000; 0.0047; 0.0003; 0.0000; False; 0.0051; 0.1829
/home/experiments/nfa-bench/benchmarks/presburger/complement/UltimateAutomizer/nested9_true-unreach-call.i_1479.0.mata;0.25; 0.218819; 0.0535; 0.002496; 0.000162; 6.6e-05; false; 0.280181;0.25; 0.220028; 0.054384; 0.002415; 0.000137; 8.5e-05; false; 0.282513;0.25; 0.222276; 0.054716; 0.004326; 0.000452; 3.3e-05; 4.8e-05; false; 0.287226;1.58; 0.6010; 0.0000; 0.0048; 0.0002; 0.0000; False; 0.0050; 0.6065
/home/experiments/nfa-bench/benchmarks/presburger/complement/UltimateAutomizer/nested9_true-unreach-call.i_1575.0.mata;0.23; 0.209059; 0.045905; 0.002682; 0.000257; 7.5e-05; false; 0.261408;0.2; 0.18525; 0.041434; 0.002265; 0.000222; 6.8e-05; false; 0.2323;0.22; 0.200437; 0.042141; 0.003454; 0.00077; 8.9e-05; 3.8e-05; false; 0.250252;1.58; 0.4312; 0.0000; 0.0068; 0.0005; 0.0000; False; 0.0074; 0.4392
/home/experiments/nfa-bench/benchmarks/presburger/complement/UltimateAutomizer/nested9_true-unreach-call.i_1578.0.mata;0.21; 0.33228; 0.047815; 0.002782; 0.000392; 8e-05; false; 0.387556;0.22; 0.417333; 0.044332; 0.002469; 0.000237; 7.3e-05; false; 0.468275;0.22; 0.324382; 0.032616; 0.00227; 0.00047; 5.7e-05; 2.6e-05; false; 0.362226;1.55; 0.3475; 0.0000; 0.0053; 0.0003; 0.0000; False; 0.0057; 0.3538
/home/experiments/nfa-bench/benchmarks/presburger/complement/UltimateAutomizer/nested9_true-unreach-call.i_1597.0.mata;0.3; 0.381262; 0.052988; 0.003302; 0.000497; 4.8e-05; false; 0.44501;0.36; 0.455253; 0.069419; 0.003239; 0.000493; 4.8e-05; false; 0.535711;0.33; 0.290892; 0.071048; 0.004952; 0.000765; 9.9e-05; 4.5e-05; false; 0.374333;1.74; 0.5453; 0.0000; 0.0077; 0.0007; 0.0000; False; 0.0085; 0.5544
/home/experiments/nfa-bench/benchmarks/presburger/complement/UltimateAutomizer/nested9_true-unreach-call.i_1676.0.mata;0.24; 0.218705; 0.05167; 0.002716; 0.000417; 8.6e-05; false; 0.278012;0.22; 0.213419; 0.036446; 0.001727; 0.000257; 6.1e-05; false; 0.254909;0.26; 0.237154; 0.056038; 0.003911; 0.000634; 7.9e-05; 3.8e-05; false; 0.302008;1.27; 0.2471; 0.0000; 0.0042; 0.0002; 0.0000; False; 0.0045; 0.2520
/home/experiments/nfa-bench/benchmarks/presburger/complement/UltimateAutomizer/nested9_true-unreach-call.i_1677.0.mata;0.38; 0.342495; 0.079501; 0.003742; 0.000591; 0.000116; false; 0.433093;0.35; 0.321805; 0.06535; 0.003255; 0.000506; 9.4e-05; false; 0.396514;0.36; 0.336283; 0.072422; 0.005652; 0.000738; 9.1e-05; 3.5e-05; false; 0.420871;1.7; 0.4891; 0.0000; 0.0074; 0.0004; 0.0000; False; 0.0079; 0.4976
/home/experiments/nfa-bench/benchmarks/presburger/complement/UltimateAutomizer/nested9_true-unreach-call.i_1679.0.mata;0.31; 0.269116; 0.076105; 0.003331; 0.000424; 0.000125; false; 0.355395;0.38; 0.339881; 0.079573; 0.003735; 0.000509; 0.000115; false; 0.430722;0.33; 0.293767; 0.075686; 0.003493; 0.000446; 7e-05; 2.9e-05; false; 0.377765;1.67; 0.5197; 0.0000; 0.0060; 0.0002; 0.0000; False; 0.0063; 0.5264
/home/experiments/nfa-bench/benchmarks/presburger/complement/UltimateAutomizer/nested9_true-unreach-call.i_17.0.mata;0.04; 0.035685; 0.013362; 0.000583; 9.1e-05; 2e-05; false; 0.051432;0.04; 0.036231; 0.013458; 0.000569; 9.1e-05; 2e-05; false; 0.05218;0.04; 0.036313; 0.013517; 0.000764; 0.000212; 3.1e-05; 1.1e-05; false; 0.052602;1.01; 0.0616; 0.0000; 0.0016; 0.0002; 0.0000; False; 0.0018; 0.0638
/home/experiments/nfa-bench/benchmarks/presburger/complement/UltimateAutomizer/nested9_true-unreach-call.i_1703.0.mata;0.31; 0.275003; 0.065532; 0.002555; 0.000284; 8e-05; false; 0.347964;0.3; 0.273023; 0.060894; 0.002659; 0.000434; 8.6e-05; false; 0.34217;0.19; 0.174575; 0.045679; 0.002858; 0.000409; 6.8e-05; 3.5e-05; false; 0.226871;1.43; 0.3951; 0.0000; 0.0035; 0.0001; 0.0000; False; 0.0037; 0.3992
/home/experiments/nfa-bench/benchmarks/presburger/complement/UltimateAutomizer/nested9_true-unreach-call.i_1707.0.mata;0.35; 0.32021; 0.072774; 0.003072; 0.000334; 9e-05; false; 0.402126;0.36; 0.331418; 0.070305; 0.003127; 0.000311; 9.6e-05; false; 0.410698;0.38; 0.3333; 0.073404; 0.004913; 0.000663; 7.8e-05; 3.9e-05; false; 0.417723;1.66; 0.5299; 0.0000; 0.0068; 0.0003; 0.0000; False; 0.0072; 0.5376
/home/experiments/nfa-bench/benchmarks/presburger/complement/UltimateAutomizer/nested9_true-unreach-call.i_1720.0.mata;0.26; 0.234184; 0.051839; 0.002579; 0.000232; 7.4e-05; false; 0.292901;0.26; 0.23033; 0.051048; 0.002337; 0.000226; 7.3e-05; false; 0.287963;0.26; 0.229893; 0.055299; 0.004192; 0.00074; 0.000109; 5.2e-05; false; 0.295396;1.34; 0.3500; 0.0000; 0.0037; 0.0001; 0.0000; False; 0.0039; 0.3543
/home/experiments/nfa-bench/benchmarks/presburger/complement/UltimateAutomizer/nested9_true-unreach-call.i_1722.0.mata;0.24; 0.219465; 0.050691; 0.002124; 0.000241; 6.6e-05; false; 0.276183;0.24; 0.213197; 0.056223; 0.002465; 0.000227; 7.3e-05; false; 0.276668;0.26; 0.23588; 0.052659; 0.003658; 0.000689; 7.9e-05; 5.1e-05; false; 0.296738;1.67; 0.4250; 0.0000; 0.0055; 0.0002; 0.0000; False; 0.0058; 0.4313
/home/experiments/nfa-bench/benchmarks/presburger/complement/UltimateAutomizer/nested9_true-unreach-call.i_1723.0.mata;0.26; 0.230882; 0.05593; 0.002645; 0.000411; 9.4e-05; false; 0.294805;0.25; 0.232497; 0.055308; 0.002578; 0.00036; 8.5e-05; false; 0.295565;0.14; 0.133424; 0.032408; 0.002289; 0.000386; 5.3e-05; 2.4e-05; false; 0.170911;1.47; 0.3487; 0.0000; 0.0077; 0.0008; 0.0000; False; 0.0086; 0.3580
/home/experiments/nfa-bench/benchmarks/presburger/complement/UltimateAutomizer/nested9_true-unreach-call.i_1726.0.mata;0.19; 0.176622; 0.034227; 0.001314; 0.000172; 4.4e-05; false; 0.214776;0.16; 0.143943; 0.035916; 0.001304; 0.000138; 4.4e-05; false; 0.183821;0.21; 0.186623; 0.058476; 0.003726; 0.000696; 9.5e-05; 4.1e-05; false; 0.253755;1.52; 0.3319; 0.0000; 0.0044; 0.0004; 0.0000; False; 0.0049; 0.3373
/home/experiments/nfa-bench/benchmarks/presburger/complement/UltimateAutomizer/nested9_true-unreach-call.i_1728.0.mata;0.27; 0.250503; 0.057003; 0.002352; 0.000243; 7.3e-05; false; 0.31462;0.28; 0.245481; 0.056297; 0.002135; 0.000218; 7.4e-05; false; 0.308315;0.19; 0.168403; 0.038668; 0.002342; 0.000387; 5.5e-05; 2.4e-05; false; 0.212779;1.5; 0.4113; 0.0000; 0.0051; 0.0003; 0.0000; False; 0.0054; 0.4172
/home/experiments/nfa-bench/benchmarks/presburger/complement/UltimateAutomizer/nested9_true-unreach-call.i_1729.0.mata;0.26; 0.238712; 0.05554; 0.00261; 0.000315; 7.8e-05; false; 0.301535;0.15; 0.139976; 0.034207; 0.001303; 0.000144; 4.4e-05; false; 0.178017;0.19; 0.156896; 0.053627; 0.0025; 0.000403; 5.7e-05; 3.2e-05; false; 0.216564;1.56; 0.2995; 0.0000; 0.0045; 0.0003; 0.0000; False; 0.0048; 0.3047
/home/experiments/nfa-bench/benchmarks/presburger/complement/UltimateAutomizer/nested9_true-unreach-call.i_173.0.mata;0.05; 0.043155; 0.013795; 0.000517; 7e-05; 1.7e-05; false; 0.058942;0.04; 0.040958; 0.014142; 0.000508; 5.5e-05; 1.8e-05; false; 0.057176;0.05; 0.043368; 0.014948; 0.000864; 0.000262; 3.9e-05; 1.4e-05; false; 0.061093;1.16; 0.1375; 0.0000; 0.0022; 0.0001; 0.0000; False; 0.0024; 0.1402
/home/experiments/nfa-bench/benchmarks/presburger/complement/UltimateAutomizer/nested9_true-unreach-call.i_1732.0.mata;0.16; 0.156094; 0.035743; 0.001402; 0.000224; 4.6e-05; false; 0.196309;0.15; 0.137222; 0.03595; 0.001387; 0.000146; 4.5e-05; false; 0.177277;0.16; 0.142109; 0.036494; 0.002412; 0.000426; 6.5e-05; 3.2e-05; false; 0.184238;1.77; 0.4222; 0.0000; 0.0063; 0.0006; 0.0000; False; 0.0069; 0.4297
/home/experiments/nfa-bench/benchmarks/presburger/complement/UltimateAutomizer/nested9_true-unreach-call.i_1736.0.mata;0.18; 0.166656; 0.035864; 0.001381; 0.000156; 4.7e-05; false; 0.206681;0.16; 0.143058; 0.037223; 0.001535; 0.000227; 5.5e-05; false; 0.185115;0.19; 0.148713; 0.057572; 0.00414; 0.00085; 0.000108; 5.7e-05; false; 0.215971;1.56; 0.3909; 0.0000; 0.0046; 0.0003; 0.0000; False; 0.0050; 0.3964
/home/experiments/nfa-bench/benchmarks/presburger/complement/UltimateAutomizer/nested9_true-unreach-call.i_1737.0.mata;0.2; 0.18166; 0.037207; 0.001411; 0.00016; 4.5e-05; false; 0.223076;0.19; 0.154141; 0.052147; 0.002388; 0.000223; 7.7e-05; false; 0.212847;0.27; 0.2518; 0.054284; 0.003896; 0.000693; 8.9e-05; 4.4e-05; false; 0.315373;1.45; 0.3993; 0.0000; 0.0049; 0.0003; 0.0000; False; 0.0052; 0.4049
/home/experiments/nfa-bench/benchmarks/presburger/complement/UltimateAutomizer/nested9_true-unreach-call.i_1738.0.mata;0.24; 0.237253; 0.051752; 0.001503; 0.000219; 5.2e-05; false; 0.293918;0.25; 0.240608; 0.053452; 0.002545; 0.000319; 8.5e-05; false; 0.30154;0.15; 0.134874; 0.033663; 0.002267; 0.000374; 5.3e-05; 2.4e-05; false; 0.173551;1.48; 0.4241; 0.0000; 0.0056; 0.0004; 0.0000; False; 0.0061; 0.4307
/home/experiments/nfa-bench/benchmarks/presburger/complement/UltimateAutomizer/nested9_true-unreach-call.i_1739.0.mata;0.25; 0.241636; 0.053164; 0.002622; 0.000405; 0.000102; false; 0.302315;0.26; 0.231155; 0.054605; 0.002479; 0.000378; 0.000101; false; 0.293597;0.26; 0.231468; 0.057693; 0.004151; 0.000664; 0.000111; 5.4e-05; false; 0.299208;1.6; 0.4135; 0.0000; 0.0064; 0.0005; 0.0000; False; 0.0071; 0.4210
/home/experiments/nfa-bench/benchmarks/presburger/complement/UltimateAutomizer/nested9_true-unreach-call.i_1741.0.mata;0.18; 0.174577; 0.034372; 0.001355; 0.000156; 4.4e-05; false; 0.213023;0.26; 0.233803; 0.054494; 0.00261; 0.000319; 8.6e-05; false; 0.295572;0.18; 0.136494; 0.053531; 0.003878; 0.000734; 8.7e-05; 4.2e-05; false; 0.198534;1.34; 0.2703; 0.0000; 0.0061; 0.0006; 0.0000; False; 0.0068; 0.2777
/home/experiments/nfa-bench/benchmarks/presburger/complement/UltimateAutomizer/nested9_true-unreach-call.i_1748.0.mata;0.12; 0.109338; 0.026519; 0.001288; 0.000185; 4.3e-05; false; 0.139958;0.19; 0.168821; 0.042952; 0.002278; 0.000306; 0.0001; false; 0.218601;0.11; 0.096322; 0.027965; 0.001921; 0.00045; 3.8e-05; 3.3e-05; false; 0.129364;1.22; 0.1804; 0.0000; 0.0055; 0.0003; 0.0000; False; 0.0059; 0.1868
/home/experiments/nfa-bench/benchmarks/presburger/complement/UltimateAutomizer/nested9_true-unreach-call.i_1749.0.mata;0.26; 0.236325; 0.052596; 0.002543; 0.000331; 7.3e-05; false; 0.296231;0.26; 0.23569; 0.056746; 0.002532; 0.000382; 8.4e-05; false; 0.299654;0.25; 0.222847; 0.052765; 0.003885; 0.000623; 7.7e-05; 4.2e-05; false; 0.285093;1.43; 0.2945; 0.0000; 0.0056; 0.0005; 0.0000; False; 0.0062; 0.3012
/home/experiments/nfa-bench/benchmarks/presburger/complement/UltimateAutomizer/nested9_true-unreach-call.i_175.0.mata;0.08; 0.069946; 0.020255; 0.000953; 0.000141; 2.9e-05; false; 0.093801;0.07; 0.065249; 0.020083; 0.000894; 0.000138; 4.1e-05; false; 0.08876;0.08; 0.067396; 0.020776; 0.001411; 0.000404; 5.4e-05; 3.2e-05; false; 0.092182;1.33; 0.1363; 0.0000; 0.0026; 0.0002; 0.0000; False; 0.0029; 0.1397
/home/experiments/nfa-bench/benchmarks/presburger/complement/UltimateAutomizer/nested9_true-unreach-call.i_1752.0.mata;0.2; 0.171782; 0.045725; 0.002465; 0.000376; 7.3e-05; false; 0.225086;0.19; 0.164585; 0.044422; 0.002122; 0.000325; 7.6e-05; false; 0.215688;0.17; 0.150814; 0.036484; 0.002671; 0.000661; 4.8e-05; 3.8e-05; false; 0.193852;1.49; 0.2979; 0.0000; 0.0058; 0.0004; 0.0000; False; 0.0062; 0.3047
/home/experiments/nfa-bench/benchmarks/presburger/complement/UltimateAutomizer/nested9_true-unreach-call.i_1755.0.mata;0.15; 0.117801; 0.041235; 0.001237; 0.000157; 4.4e-05; false; 0.162849;0.11; 0.098047; 0.027724; 0.001327; 0.000186; 4.5e-05; false; 0.12995;0.17; 0.150437; 0.037263; 0.002734; 0.000647; 4.7e-05; 3.7e-05; false; 0.194347;1.12; 0.2022; 0.0000; 0.0042; 0.0004; 0.0000; False; 0.0047; 0.2074
/home/experiments/nfa-bench/benchmarks/presburger/complement/UltimateAutomizer/nested9_true-unreach-call.i_1758.0.mata;0.17; 0.148649; 0.040492; 0.002166; 0.000322; 7.2e-05; false; 0.195794;0.18; 0.161046; 0.042738; 0.002268; 0.000333; 8.8e-05; false; 0.211012;0.17; 0.164864; 0.034778; 0.003097; 0.000766; 5.6e-05; 4.7e-05; false; 0.20802;1.3; 0.1732; 0.0000; 0.0036; 0.0002; 0.0000; False; 0.0039; 0.1774
/home/experiments/nfa-bench/benchmarks/presburger/complement/UltimateAutomizer/nested9_true-unreach-call.i_1761.0.mata;0.2; 0.177273; 0.047014; 0.002408; 0.000424; 9.4e-05; false; 0.23166;0.2; 0.170735; 0.044441; 0.002265; 0.000323; 9.3e-05; false; 0.222202;0.18; 0.163332; 0.042111; 0.003066; 0.00072; 6.6e-05; 4.8e-05; false; 0.213413;1.4; 0.2925; 0.0000; 0.0054; 0.0005; 0.0000; False; 0.0059; 0.2989
/home/experiments/nfa-bench/benchmarks/presburger/complement/UltimateAutomizer/nested9_true-unreach-call.i_1764.0.mata;0.14; 0.107139; 0.040988; 0.002476; 0.000312; 8e-05; false; 0.154966;0.19; 0.170035; 0.042524; 0.002418; 0.000367; 8.6e-05; false; 0.21982;0.19; 0.169479; 0.043567; 0.003125; 0.000767; 5.3e-05; 4.5e-05; false; 0.221094;1.35; 0.2944; 0.0000; 0.0053; 0.0005; 0.0000; False; 0.0059; 0.3008
/home/experiments/nfa-bench/benchmarks/presburger/complement/UltimateAutomizer/nested9_true-unreach-call.i_1767.0.mata;0.2; 0.172951; 0.04547; 0.002503; 0.000373; 7.7e-05; false; 0.225869;0.17; 0.152839; 0.040928; 0.002074; 0.000321; 7e-05; false; 0.200332;0.2; 0.170222; 0.043414; 0.003048; 0.000805; 5.8e-05; 4.5e-05; false; 0.221699;1.19; 0.1731; 0.0000; 0.0040; 0.0002; 0.0000; False; 0.0043; 0.1779
/home/experiments/nfa-bench/benchmarks/presburger/complement/UltimateAutomizer/nested9_true-unreach-call.i_1770.0.mata;0.2; 0.174528; 0.042467; 0.002464; 0.000374; 8.9e-05; false; 0.224017;0.11; 0.098326; 0.027813; 0.001314; 0.000181; 4.8e-05; false; 0.130333;0.19; 0.168917; 0.041371; 0.003039; 0.000793; 6e-05; 4.9e-05; false; 0.218098;1.36; 0.2704; 0.0000; 0.0055; 0.0004; 0.0000; False; 0.0059; 0.2769
/home/experiments/nfa-bench/benchmarks/presburger/complement/UltimateAutomizer/nested9_true-unreach-call.i_1777.0.mata;0.29; 0.263356; 0.057959; 0.002902; 0.00047; 9.4e-05; false; 0.329655;0.3; 0.261891; 0.06378; 0.003103; 0.000405; 8.9e-05; false; 0.334428;0.3; 0.249927; 0.064164; 0.004141; 0.000739; 5.2e-05; 2.5e-05; false; 0.323837;1.46; 0.4246; 0.0000; 0.0041; 0.0002; 0.0000; False; 0.0043; 0.4293
/home/experiments/nfa-bench/benchmarks/presburger/complement/UltimateAutomizer/nested9_true-unreach-call.i_1778.0.mata;0.27; 0.24617; 0.055729; 0.002595; 0.00031; 7.8e-05; false; 0.309327;0.15; 0.137355; 0.035289; 0.001427; 0.000208; 4.9e-05; false; 0.177056;0.24; 0.223914; 0.050111; 0.003862; 0.000669; 8e-05; 4.1e-05; false; 0.283131;1.41; 0.4095; 0.0000; 0.0061; 0.0005; 0.0000; False; 0.0067; 0.4167
/home/experiments/nfa-bench/benchmarks/presburger/complement/UltimateAutomizer/nested9_true-unreach-call.i_1781.0.mata;0.3; 0.26495; 0.05914; 0.002809; 0.000468; 8.7e-05; false; 0.332277;0.27; 0.252491; 0.058237; 0.002664; 0.000352; 8.9e-05; false; 0.318559;0.3; 0.264499; 0.063128; 0.004352; 0.000837; 5.5e-05; 2.4e-05; false; 0.337792;1.41; 0.2906; 0.0000; 0.0045; 0.0002; 0.0000; False; 0.0048; 0.2957
/home/experiments/nfa-bench/benchmarks/presburger/complement/UltimateAutomizer/nested9_true-unreach-call.i_1784.0.mata;0.14; 0.122172; 0.027911; 0.00135; 0.000248; 5e-05; false; 0.154491;0.19; 0.165013; 0.044107; 0.002286; 0.000312; 8.9e-05; false; 0.216152;0.1; 0.09638; 0.027011; 0.001919; 0.000447; 3.5e-05; 2.8e-05; false; 0.128384;1.5; 0.2963; 0.0000; 0.0069; 0.0006; 0.0000; False; 0.0076; 0.3047
/home/experiments/nfa-bench/benchmarks/presburger/complement/UltimateAutomizer/nested9_true-unreach-call.i_1785.0.mata;0.3; 0.269158; 0.066005; 0.003003; 0.000396; 8.3e-05; false; 0.344081;0.16; 0.153917; 0.03919; 0.001633; 0.000204; 4.9e-05; false; 0.19789;0.27; 0.242056; 0.054149; 0.003897; 0.000715; 4.9e-05; 2.1e-05; false; 0.305084;1.27; 0.2956; 0.0000; 0.0051; 0.0003; 0.0000; False; 0.0054; 0.3014
/home/experiments/nfa-bench/benchmarks/presburger/complement/UltimateAutomizer/nested9_true-unreach-call.i_1786.0.mata;0.29; 0.267085; 0.061253; 0.003193; 0.000469; 9.2e-05; false; 0.3377;0.26; 0.236519; 0.053639; 0.002483; 0.000337; 7.6e-05; false; 0.297475;0.3; 0.264583; 0.059595; 0.003891; 0.000718; 4.9e-05; 2e-05; false; 0.333207;1.48; 0.3977; 0.0000; 0.0041; 0.0003; 0.0000; False; 0.0044; 0.4025
/home/experiments/nfa-bench/benchmarks/presburger/complement/UltimateAutomizer/nested9_true-unreach-call.i_1789.0.mata;0.21; 0.195644; 0.039417; 0.001711; 0.000254; 6e-05; false; 0.240057;0.28; 0.252721; 0.058639; 0.002568; 0.000359; 7.9e-05; false; 0.318828;0.26; 0.244141; 0.040869; 0.002581; 0.000471; 3.3e-05; 1.5e-05; false; 0.290954;1.59; 0.4376; 0.0000; 0.0069; 0.0006; 0.0000; False; 0.0077; 0.4458
/home/experiments/nfa-bench/benchmarks/presburger/complement/UltimateAutomizer/nested9_true-unreach-call.i_179.0.mata;0.07; 0.065382; 0.013261; 0.000569; 8.1e-05; 1.9e-05; false; 0.080833;0.07; 0.06629; 0.018899; 0.000834; 0.000102; 2.8e-05; false; 0.088247;0.05; 0.041869; 0.013287; 0.00085; 0.000272; 5.1e-05; 1.4e-05; false; 0.057968;1.09; 0.0994; 0.0000; 0.0024; 0.0002; 0.0000; False; 0.0027; 0.1025
/home/experiments/nfa-bench/benchmarks/presburger/complement/UltimateAutomizer/nested9_true-unreach-call.i_1792.0.mata;0.22; 0.214943; 0.038149; 0.00157; 0.000187; 4.8e-05; false; 0.257959;0.21; 0.197914; 0.038404; 0.001694; 0.000228; 5.5e-05; false; 0.241171;0.3; 0.267941; 0.060519; 0.004194; 0.00078; 5.2e-05; 2e-05; false; 0.338215;1.35; 0.2910; 0.0000; 0.0030; 0.0001; 0.0000; False; 0.0032; 0.2946
/home/experiments/nfa-bench/benchmarks/presburger/complement/UltimateAutomizer/nested9_true-unreach-call.i_1795.0.mata;0.29; 0.263648; 0.060108; 0.002998; 0.000283; 7.1e-05; false; 0.331468;0.28; 0.262208; 0.055501; 0.002752; 0.000337; 8.9e-05; false; 0.325125;0.29; 0.266619; 0.062025; 0.004296; 0.000801; 5.6e-05; 2.4e-05; false; 0.338224;1.45; 0.4481; 0.0000; 0.0068; 0.0003; 0.0000; False; 0.0072; 0.4558
/home/experiments/nfa-bench/benchmarks/presburger/complement/UltimateAutomizer/nested9_true-unreach-call.i_1798.0.mata;0.29; 0.25838; 0.054597; 0.002485; 0.000268; 9.6e-05; false; 0.319996;0.23; 0.194332; 0.064936; 0.002937; 0.000386; 0.000111; false; 0.2679;0.3; 0.272386; 0.063724; 0.004813; 0.000904; 8.7e-05; 2.8e-05; false; 0.347137;1.58; 0.4419; 0.0000; 0.0060; 0.0004; 0.0000; False; 0.0065; 0.4489
/home/experiments/nfa-bench/benchmarks/presburger/complement/UltimateAutomizer/nested9_true-unreach-call.i_1817.0.mata;0.18; 0.170947; 0.035649; 0.001558; 0.000174; 4.9e-05; false; 0.210921;0.26; 0.232627; 0.061052; 0.001607; 0.000222; 5.2e-05; false; 0.29837;0.27; 0.256921; 0.045963; 0.002514; 0.000485; 5e-05; 1.6e-05; false; 0.308759;1.36; 0.2745; 0.0000; 0.0047; 0.0002; 0.0000; False; 0.0049; 0.2798
/home/experiments/nfa-bench/benchmarks/presburger/complement/UltimateAutomizer/nested9_true-unreach-call.i_1847.0.mata;0.16; 0.154522; 0.024459; 0.001206; 0.00015; 4.2e-05; false; 0.182505;0.19; 0.168394; 0.040976; 0.002189; 0.000217; 6.4e-05; false; 0.215529;0.13; 0.108906; 0.042897; 0.001851; 0.000443; 3.3e-05; 2.6e-05; false; 0.156526;1.23; 0.2877; 0.0000; 0.0054; 0.0005; 0.0000; False; 0.0060; 0.2941
/home/experiments/nfa-bench/benchmarks/presburger/complement/UltimateAutomizer/nested9_true-unreach-call.i_187.0.mata;0.08; 0.071997; 0.020728; 0.000977; 0.000126; 3.1e-05; false; 0.09598;0.05; 0.043003; 0.01274; 0.000504; 5.2e-05; 1.7e-05; false; 0.05745;0.04; 0.03952; 0.012368; 0.000858; 0.000246; 3.4e-05; 1.3e-05; false; 0.054301;1.27; 0.1275; 0.0000; 0.0018; 0.0001; 0.0000; False; 0.0019; 0.1297
/home/experiments/nfa-bench/benchmarks/presburger/complement/UltimateAutomizer/nested9_true-unreach-call.i_1874.0.mata;0.12; 0.118889; 0.024741; 0.001117; 0.00015; 3.7e-05; false; 0.147342;0.1; 0.09239; 0.024526; 0.001123; 0.000142; 3.9e-05; false; 0.120539;0.19; 0.163625; 0.039547; 0.003071; 0.000723; 8.2e-05; 4.9e-05; false; 0.210774;1.07; 0.1991; 0.0000; 0.0031; 0.0003; 0.0000; False; 0.0034; 0.2030
/home/experiments/nfa-bench/benchmarks/presburger/complement/UltimateAutomizer/nested9_true-unreach-call.i_1875.0.mata;0.19; 0.169079; 0.040668; 0.002098; 0.00027; 6.7e-05; false; 0.2161;0.18; 0.160899; 0.04208; 0.001668; 0.000184; 6.8e-05; false; 0.208478;0.18; 0.165885; 0.039231; 0.00321; 0.000715; 7.8e-05; 4e-05; false; 0.213193;1.27; 0.1644; 0.0000; 0.0023; 0.0002; 0.0000; False; 0.0025; 0.1672
/home/experiments/nfa-bench/benchmarks/presburger/complement/UltimateAutomizer/nested9_true-unreach-call.i_1877.0.mata;0.19; 0.173613; 0.047254; 0.001969; 0.000206; 6.1e-05; false; 0.226977;0.18; 0.162759; 0.043334; 0.001845; 0.000279; 8.7e-05; false; 0.212414;0.14; 0.122003; 0.030031; 0.001907; 0.000396; 5.7e-05; 2.6e-05; false; 0.157172;1.23; 0.2054; 0.0000; 0.0030; 0.0002; 0.0000; False; 0.0032; 0.2089
/home/experiments/nfa-bench/benchmarks/presburger/complement/UltimateAutomizer/nested9_true-unreach-call.i_1878.0.mata;0.19; 0.167567; 0.045638; 0.002196; 0.000318; 7.9e-05; false; 0.219969;0.19; 0.174483; 0.039584; 0.001853; 0.000184; 6e-05; false; 0.219727;0.13; 0.122033; 0.028812; 0.001953; 0.000404; 5.5e-05; 2.3e-05; false; 0.155762;1.26; 0.2973; 0.0000; 0.0038; 0.0003; 0.0000; False; 0.0042; 0.3020
/home/experiments/nfa-bench/benchmarks/presburger/complement/UltimateAutomizer/nested9_true-unreach-call.i_1879.0.mata;0.16; 0.130777; 0.04109; 0.001822; 0.000201; 5.7e-05; false; 0.177541;0.18; 0.167401; 0.041385; 0.002042; 0.00022; 6.3e-05; false; 0.215363;0.19; 0.166083; 0.040787; 0.00335; 0.00074; 8.9e-05; 4.8e-05; false; 0.214993;1.41; 0.2493; 0.0000; 0.0032; 0.0003; 0.0000; False; 0.0035; 0.2532
/home/experiments/nfa-bench/benchmarks/presburger/complement/UltimateAutomizer/nested9_true-unreach-call.i_1887.0.mata;0.19; 0.168237; 0.040071; 0.001956; 0.000194; 6e-05; false; 0.214074;0.19; 0.165524; 0.039955; 0.0018; 0.000174; 5.8e-05; false; 0.210879;0.19; 0.163769; 0.037463; 0.003176; 0.000699; 8.5e-05; 4e-05; false; 0.208465;1.35; 0.2318; 0.0000; 0.0025; 0.0002; 0.0000; False; 0.0027; 0.2349
/home/experiments/nfa-bench/benchmarks/presburger/complement/UltimateAutomizer/nested9_true-unreach-call.i_1897.0.mata;0.18; 0.16718; 0.037907; 0.001942; 0.000187; 6.7e-05; false; 0.21049;0.11; 0.093249; 0.025511; 0.001064; 0.000124; 3.8e-05; false; 0.122197;0.13; 0.097412; 0.039555; 0.003358; 0.000778; 9.4e-05; 5e-05; false; 0.144863;1.41; 0.2954; 0.0000; 0.0045; 0.0003; 0.0000; False; 0.0049; 0.3007
/home/experiments/nfa-bench/benchmarks/presburger/complement/UltimateAutomizer/nested9_true-unreach-call.i_277.0.mata;0.1; 0.094136; 0.01869; 0.00096; 0.000136; 3e-05; false; 0.115631;0.12; 0.101643; 0.030213; 0.001692; 0.000188; 4.9e-05; false; 0.13643;0.13; 0.121236; 0.030144; 0.002059; 0.000515; 6.5e-05; 6e-06; false; 0.156612;1.26; 0.2047; 0.0000; 0.0021; 0.0001; 0.0000; False; 0.0023; 0.2073
/home/experiments/nfa-bench/benchmarks/presburger/complement/UltimateAutomizer/nested9_true-unreach-call.i_357.0.mata;0.08; 0.077065; 0.021117; 0.001219; 0.000129; 3.4e-05; false; 0.101568;0.08; 0.077145; 0.020206; 0.001154; 0.000186; 3.4e-05; false; 0.100741;0.08; 0.076299; 0.019537; 0.001607; 0.000489; 6.3e-05; 8e-06; false; 0.099903;1.31; 0.1409; 0.0000; 0.0029; 0.0003; 0.0000; False; 0.0033; 0.1446
/home/experiments/nfa-bench/benchmarks/presburger/complement/UltimateAutomizer/nested9_true-unreach-call.i_378.0.mata;0.09; 0.082333; 0.019021; 0.001176; 0.000111; 3.3e-05; false; 0.104366;0.09; 0.078684; 0.020343; 0.001118; 0.000106; 3.4e-05; false; 0.102224;0.05; 0.046619; 0.012676; 0.001007; 0.00028; 4.1e-05; 1.4e-05; false; 0.061732;1.08; 0.0854; 0.0000; 0.0022; 0.0002; 0.0000; False; 0.0024; 0.0882
/home/experiments/nfa-bench/benchmarks/presburger/complement/UltimateAutomizer/nested9_true-unreach-call.i_379.0.mata;0.09; 0.078497; 0.021312; 0.001211; 0.00014; 3.6e-05; false; 0.103187;0.07; 0.06579; 0.01193; 0.000602; 7.9e-05; 2e-05; false; 0.079592;0.08; 0.076291; 0.02008; 0.001572; 0.0005; 6.3e-05; 8e-06; false; 0.100301;1.24; 0.1427; 0.0000; 0.0032; 0.0003; 0.0000; False; 0.0036; 0.1468
/home/experiments/nfa-bench/benchmarks/presburger/complement/UltimateAutomizer/nested9_true-unreach-call.i_447.0.mata;0.04; 0.038207; 0.015135; 0.001199; 0.0001; 4e-05; false; 0.057182;0.04; 0.0379; 0.014065; 0.001067; 6.3e-05; 3.4e-05; false; 0.055248;0.05; 0.038661; 0.015044; 0.001593; 0.000351; 4.3e-05; 2.2e-05; false; 0.058255;1.29; 0.0674; 0.0000; 0.0022; 0.0002; 0.0000; False; 0.0025; 0.0702
/home/experiments/nfa-bench/benchmarks/presburger/complement/UltimateAutomizer/nested9_true-unreach-call.i_470.0.mata;0.12; 0.10972; 0.027488; 0.00138; 0.000126; 3.7e-05; false; 0.141463;0.06; 0.063875; 0.016903; 0.000748; 6.6e-05; 2.6e-05; false; 0.083123;0.11; 0.10476; 0.026977; 0.002126; 0.000363; 5e-05; 2.4e-05; false; 0.136768;1.05; 0.1452; 0.0000; 0.0018; 0.0001; 0.0000; False; 0.0020; 0.1474
/home/experiments/nfa-bench/benchmarks/presburger/complement/UltimateAutomizer/nested9_true-unreach-call.i_473.0.mata;0.11; 0.103728; 0.026939; 0.001471; 9.5e-05; 4.3e-05; false; 0.134652;0.12; 0.106909; 0.027213; 0.001401; 9.5e-05; 4.4e-05; false; 0.13812;0.12; 0.104804; 0.025895; 0.001972; 0.000435; 5e-05; 2.4e-05; false; 0.135439;1.12; 0.1996; 0.0000; 0.0036; 0.0004; 0.0000; False; 0.0040; 0.2042
/home/experiments/nfa-bench/benchmarks/presburger/complement/UltimateAutomizer/nested9_true-unreach-call.i_497.0.mata;0.11; 0.101901; 0.025842; 0.001437; 0.000156; 4.3e-05; false; 0.131765;0.11; 0.100592; 0.026199; 0.001302; 0.000124; 4.1e-05; false; 0.130594;0.12; 0.102825; 0.026741; 0.002191; 0.000535; 8.1e-05; 3.5e-05; false; 0.134944;1.21; 0.1777; 0.0000; 0.0027; 0.0002; 0.0000; False; 0.0029; 0.1810
/home/experiments/nfa-bench/benchmarks/presburger/complement/UltimateAutomizer/nested9_true-unreach-call.i_507.0.mata;0.16; 0.150098; 0.036273; 0.001682; 0.000165; 5.2e-05; false; 0.191618;0.17; 0.14783; 0.039516; 0.001672; 0.000263; 7e-05; false; 0.193465;0.18; 0.155176; 0.040787; 0.002677; 0.000548; 6.7e-05; 3.7e-05; false; 0.203126;1.39; 0.2638; 0.0000; 0.0047; 0.0004; 0.0000; False; 0.0052; 0.2696
/home/experiments/nfa-bench/benchmarks/presburger/complement/UltimateAutomizer/nested9_true-unreach-call.i_527.0.mata;0.04; 0.03697; 0.013931; 0.000754; 8.8e-05; 2.2e-05; false; 0.053506;0.03; 0.036204; 0.008639; 0.000417; 5e-05; 1.3e-05; false; 0.046483;0.03; 0.037113; 0.008951; 0.00045; 0.000221; 2.8e-05; 9e-06; false; 0.047886;1.28; 0.0748; 0.0000; 0.0016; 0.0001; 0.0000; False; 0.0017; 0.0768
/home/experiments/nfa-bench/benchmarks/presburger/complement/UltimateAutomizer/nested9_true-unreach-call.i_537.0.mata;0.04; 0.030233; 0.015881; 0.000929; 9.8e-05; 2.5e-05; false; 0.049016;0.03; 0.027322; 0.009762; 0.000526; 6.8e-05; 3.3e-05; false; 0.038897;0.03; 0.027835; 0.011794; 0.000867; 0.000367; 4.6e-05; 1.7e-05; false; 0.042746;1.36; 0.0903; 0.0000; 0.0022; 0.0002; 0.0000; False; 0.0025; 0.0931
/home/experiments/nfa-bench/benchmarks/presburger/complement/UltimateAutomizer/nested9_true-unreach-call.i_573.0.mata;0.04; 0.039768; 0.008669; 0.000436; 5.5e-05; 1.5e-05; false; 0.049913;0.04; 0.048643; 0.009293; 0.00047; 7.5e-05; 1.7e-05; false; 0.059724;0.05; 0.040652; 0.013477; 0.00076; 0.000346; 2.5e-05; 1.5e-05; false; 0.056754;0.94; 0.0470; 0.0000; 0.0012; 0.0001; 0.0000; False; 0.0013; 0.0485
/home/experiments/nfa-bench/benchmarks/presburger/complement/UltimateAutomizer/nested9_true-unreach-call.i_574.0.mata;0.06; 0.053045; 0.016215; 0.001018; 0.000113; 2.8e-05; false; 0.072134;0.05; 0.052807; 0.015998; 0.000952; 0.000138; 3.2e-05; false; 0.071743;0.05; 0.052782; 0.017493; 0.001006; 0.000355; 2.6e-05; 1.6e-05; false; 0.073408;1.26; 0.1120; 0.0000; 0.0029; 0.0002; 0.0000; False; 0.0033; 0.1156
/home/experiments/nfa-bench/benchmarks/presburger/complement/UltimateAutomizer/nested9_true-unreach-call.i_575.0.mata;0.04; 0.034111; 0.015849; 0.000923; 0.000111; 2.7e-05; false; 0.052812;0.03; 0.031945; 0.009443; 0.000497; 6.2e-05; 1.7e-05; false; 0.043134;0.03; 0.026147; 0.00936; 0.000474; 0.000193; 2.9e-05; 1.6e-05; false; 0.037283;1.01; 0.0759; 0.0000; 0.0024; 0.0002; 0.0000; False; 0.0026; 0.0788
/home/experiments/nfa-bench/benchmarks/presburger/complement/UltimateAutomizer/nested9_true-unreach-call.i_627.0.mata;0.08; 0.076905; 0.019875; 0.001082; 0.000107; 3.2e-05; false; 0.099895;0.05; 0.045525; 0.013103; 0.000683; 9.9e-05; 2.3e-05; false; 0.060882;0.07; 0.071712; 0.013234; 0.000974; 0.000285; 5.1e-05; 1.5e-05; false; 0.087567;1.07; 0.0832; 0.0000; 0.0021; 0.0002; 0.0000; False; 0.0023; 0.0859
/home/experiments/nfa-bench/benchmarks/presburger/complement/UltimateAutomizer/nested9_true-unreach-call.i_637.0.mata;0.13; 0.116079; 0.029336; 0.001425; 0.000174; 4.3e-05; false; 0.149686;0.13; 0.121505; 0.029011; 0.001407; 0.000162; 5.2e-05; false; 0.154704;0.14; 0.123594; 0.028191; 0.002305; 0.000582; 6.5e-05; 3e-05; false; 0.157148;1.12; 0.1635; 0.0000; 0.0024; 0.0002; 0.0000; False; 0.0026; 0.1665
/home/experiments/nfa-bench/benchmarks/presburger/complement/UltimateAutomizer/nested9_true-unreach-call.i_670.0.mata;0.06; 0.058159; 0.013802; 0.001064; 0.000123; 2.5e-05; false; 0.075374;0.07; 0.062745; 0.021264; 0.001957; 0.000155; 3e-05; false; 0.089631;0.06; 0.053831; 0.020334; 0.002731; 0.000473; 3.8e-05; 2.3e-05; false; 0.080635;1.16; 0.0602; 0.0000; 0.0025; 0.0002; 0.0000; False; 0.0028; 0.0633
/home/experiments/nfa-bench/benchmarks/presburger/complement/UltimateAutomizer/nested9_true-unreach-call.i_7.0.mata;0.03; 0.028854; 0.012896; 0.000928; 0.000101; 3e-05; false; 0.044805;0.03; 0.02624; 0.012494; 0.000887; 9.7e-05; 2.9e-05; false; 0.041842;0.03; 0.024685; 0.012374; 0.001121; 0.000347; 5.6e-05; 1.8e-05; false; 0.040779;1.2; 0.0489; 0.0000; 0.0024; 0.0002; 0.0000; False; 0.0027; 0.0519
/home/experiments/nfa-bench/benchmarks/presburger/complement/UltimateAutomizer/nested9_true-unreach-call.i_703.0.mata;0.29; 0.251903; 0.057818; 0.002883; 0.000425; 9.4e-05; false; 0.318231;0.28; 0.256204; 0.055054; 0.002605; 0.000342; 8.7e-05; false; 0.318248;0.28; 0.254437; 0.057801; 0.003899; 0.000659; 7.8e-05; 4.3e-05; false; 0.321568;1.63; 0.4377; 0.0000; 0.0061; 0.0005; 0.0000; False; 0.0066; 0.4449
/home/experiments/nfa-bench/benchmarks/presburger/complement/UltimateAutomizer/nested9_true-unreach-call.i_707.0.mata;0.15; 0.146602; 0.035088; 0.001495; 0.00026; 5e-05; false; 0.186185;0.28; 0.248125; 0.060649; 0.002676; 0.000216; 7.2e-05; false; 0.316248;0.19; 0.156264; 0.061626; 0.002321; 0.000389; 5.2e-05; 2.9e-05; false; 0.223819;1.23; 0.3491; 0.0000; 0.0061; 0.0003; 0.0000; False; 0.0064; 0.3560
/home/experiments/nfa-bench/benchmarks/presburger/complement/UltimateAutomizer/nested9_true-unreach-call.i_71.0.mata;0.09; 0.076647; 0.021507; 0.001204; 0.000162; 3.6e-05; false; 0.101583;0.09; 0.076378; 0.021544; 0.000817; 0.000136; 3.6e-05; false; 0.100329;0.05; 0.04403; 0.013909; 0.001379; 0.000255; 3.8e-05; 1.4e-05; false; 0.060967;1.17; 0.0927; 0.0000; 0.0013; 0.0001; 0.0000; False; 0.0015; 0.0944
/home/experiments/nfa-bench/benchmarks/presburger/complement/UltimateAutomizer/nested9_true-unreach-call.i_713.0.mata;0.18; 0.179237; 0.034161; 0.001445; 0.000228; 5.2e-05; false; 0.217866;0.28; 0.261883; 0.057588; 0.002507; 0.000305; 7.4e-05; false; 0.326887;0.27; 0.25087; 0.055092; 0.003894; 0.000707; 8.1e-05; 4.6e-05; false; 0.314892;1.33; 0.4035; 0.0000; 0.0032; 0.0001; 0.0000; False; 0.0033; 0.4072
/home/experiments/nfa-bench/benchmarks/presburger/complement/UltimateAutomizer/nested9_true-unreach-call.i_720.0.mata;0.21; 0.205832; 0.031263; 0.001349; 0.000156; 4.5e-05; false; 0.240926;0.21; 0.201606; 0.033138; 0.001474; 0.000187; 6.6e-05; false; 0.239129;0.27; 0.238873; 0.048911; 0.003833; 0.000588; 8.1e-05; 4.8e-05; false; 0.296363;1.53; 0.4119; 0.0000; 0.0044; 0.0003; 0.0000; False; 0.0048; 0.4171
/home/experiments/nfa-bench/benchmarks/presburger/complement/UltimateAutomizer/nested9_true-unreach-call.i_725.0.mata;0.27; 0.244525; 0.056501; 0.002548; 0.000238; 8.3e-05; false; 0.308025;0.25; 0.245907; 0.038919; 0.001544; 0.000239; 5.7e-05; false; 0.289555;0.15; 0.1368; 0.032878; 0.002161; 0.000357; 5.2e-05; 2.3e-05; false; 0.174559;1.53; 0.3969; 0.0000; 0.0059; 0.0005; 0.0000; False; 0.0065; 0.4038
/home/experiments/nfa-bench/benchmarks/presburger/complement/UltimateAutomizer/nested9_true-unreach-call.i_728.0.mata;0.28; 0.251656; 0.060431; 0.002435; 0.000246; 9e-05; false; 0.318858;0.27; 0.248868; 0.057598; 0.0024; 0.000237; 7.2e-05; false; 0.313564;0.18; 0.164454; 0.03643; 0.002415; 0.000374; 5.5e-05; 2.8e-05; false; 0.206544;1.37; 0.2991; 0.0000; 0.0043; 0.0002; 0.0000; False; 0.0046; 0.3041
/home/experiments/nfa-bench/benchmarks/presburger/complement/UltimateAutomizer/nested9_true-unreach-call.i_73.0.mata;0.05; 0.042803; 0.014616; 0.000591; 7.8e-05; 2e-05; false; 0.059409;0.07; 0.07175; 0.013631; 0.000624; 7.2e-05; 2e-05; false; 0.087469;0.08; 0.077238; 0.020961; 0.001422; 0.000462; 5.7e-05; 2.2e-05; false; 0.102197;1.13; 0.1340; 0.0000; 0.0035; 0.0003; 0.0000; False; 0.0040; 0.1386
/home/experiments/nfa-bench/benchmarks/presburger/complement/UltimateAutomizer/nested9_true-unreach-call.i_744.0.mata;0.22; 0.20425; 0.047781; 0.001868; 0.000209; 2.1e-05; false; 0.2588;0.17; 0.158004; 0.028797; 0.001161; 0.000135; 1.5e-05; false; 0.190741;0.12; 0.113428; 0.030266; 0.002066; 0.000386; 5.4e-05; 1.2e-05; false; 0.149104;1.41; 0.3423; 0.0000; 0.0043; 0.0003; 0.0000; False; 0.0047; 0.3474
/home/experiments/nfa-bench/benchmarks/presburger/complement/UltimateAutomizer/nested9_true-unreach-call.i_746.0.mata;0.15; 0.139786; 0.028652; 0.001139; 0.000144; 1.5e-05; false; 0.17229;0.12; 0.113299; 0.026995; 0.00113; 0.000211; 2.2e-05; false; 0.144365;0.22; 0.199763; 0.044278; 0.003127; 0.000601; 8.1e-05; 1.6e-05; false; 0.251708;1.4; 0.3272; 0.0000; 0.0046; 0.0003; 0.0000; False; 0.0049; 0.3325
/home/experiments/nfa-bench/benchmarks/presburger/complement/UltimateAutomizer/nested9_true-unreach-call.i_751.0.mata;0.22; 0.206558; 0.049862; 0.002452; 0.000355; 3.5e-05; false; 0.264507;0.13; 0.116005; 0.029435; 0.001143; 0.000132; 1.4e-05; false; 0.149359;0.23; 0.206361; 0.048745; 0.003225; 0.000698; 8.2e-05; 1.9e-05; false; 0.263481;1.3; 0.2145; 0.0000; 0.0053; 0.0004; 0.0000; False; 0.0058; 0.2208
/home/experiments/nfa-bench/benchmarks/presburger/complement/UltimateAutomizer/nested9_true-unreach-call.i_753.0.mata;0.16; 0.142102; 0.031672; 0.001206; 0.000152; 1.4e-05; false; 0.178643;0.15; 0.137777; 0.031089; 0.001163; 0.000143; 1.5e-05; false; 0.173031;0.23; 0.204917; 0.048994; 0.004081; 0.000667; 8.2e-05; 2e-05; false; 0.263146;1.28; 0.2612; 0.0000; 0.0043; 0.0003; 0.0000; False; 0.0047; 0.2664
/home/experiments/nfa-bench/benchmarks/presburger/complement/UltimateAutomizer/nested9_true-unreach-call.i_755.0.mata;0.15; 0.14397; 0.030287; 0.001136; 0.000141; 1.5e-05; false; 0.178175;0.23; 0.202954; 0.047164; 0.002154; 0.000242; 2.3e-05; false; 0.25708;0.24; 0.204195; 0.050194; 0.00363; 0.000668; 8.4e-05; 1.9e-05; false; 0.263931;1.1; 0.2341; 0.0000; 0.0029; 0.0002; 0.0000; False; 0.0031; 0.2375
/home/experiments/nfa-bench/benchmarks/presburger/complement/UltimateAutomizer/nested9_true-unreach-call.i_762.0.mata;0.2; 0.178657; 0.046683; 0.002192; 0.00037; 8.4e-05; false; 0.232855;0.2; 0.182926; 0.043237; 0.001933; 0.000217; 6.8e-05; false; 0.232378;0.21; 0.18368; 0.045333; 0.002894; 0.000674; 7.7e-05; 4e-05; false; 0.236805;1.45; 0.3182; 0.0000; 0.0039; 0.0003; 0.0000; False; 0.0042; 0.3228
/home/experiments/nfa-bench/benchmarks/presburger/complement/UltimateAutomizer/nested9_true-unreach-call.i_763.0.mata;0.21; 0.194133; 0.046648; 0.002166; 0.000217; 2.2e-05; false; 0.247249;0.16; 0.160265; 0.03061; 0.001135; 0.000134; 1.4e-05; false; 0.194889;0.23; 0.195096; 0.048357; 0.003331; 0.000607; 9.6e-05; 2.2e-05; false; 0.252178;1.41; 0.3055; 0.0000; 0.0024; 0.0002; 0.0000; False; 0.0027; 0.3084
/home/experiments/nfa-bench/benchmarks/presburger/complement/UltimateAutomizer/nested9_true-unreach-call.i_766.0.mata;0.14; 0.13465; 0.027707; 0.001146; 0.000154; 4.2e-05; false; 0.166172;0.16; 0.141659; 0.049277; 0.002194; 0.000227; 7.1e-05; false; 0.197639;0.2; 0.182936; 0.045049; 0.003035; 0.000676; 7.9e-05; 5.1e-05; false; 0.236313;1.32; 0.1957; 0.0000; 0.0025; 0.0001; 0.0000; False; 0.0026; 0.1987
/home/experiments/nfa-bench/benchmarks/presburger/complement/UltimateAutomizer/nested9_true-unreach-call.i_775.0.mata;0.13; 0.114791; 0.028235; 0.001294; 0.000179; 4.2e-05; false; 0.147182;0.14; 0.121094; 0.030527; 0.001266; 0.000174; 4.5e-05; false; 0.156078;0.19; 0.182051; 0.043678; 0.002852; 0.000628; 7.6e-05; 4e-05; false; 0.233141;1.19; 0.3192; 0.0000; 0.0047; 0.0004; 0.0000; False; 0.0052; 0.3248
/home/experiments/nfa-bench/benchmarks/presburger/complement/UltimateAutomizer/nested9_true-unreach-call.i_780.0.mata;0.14; 0.131445; 0.027807; 0.001223; 0.000196; 4.7e-05; false; 0.163528;0.2; 0.182839; 0.044253; 0.001987; 0.000204; 6.6e-05; false; 0.233186;0.12; 0.103263; 0.028372; 0.001853; 0.000383; 5.1e-05; 2.5e-05; false; 0.136479;1.25; 0.2660; 0.0000; 0.0034; 0.0004; 0.0000; False; 0.0039; 0.2704
/home/experiments/nfa-bench/benchmarks/presburger/complement/UltimateAutomizer/nested9_true-unreach-call.i_785.0.mata;0.23; 0.20031; 0.048463; 0.002295; 0.000269; 3.6e-05; false; 0.25598;0.24; 0.210486; 0.052944; 0.002312; 0.000299; 3e-05; false; 0.271256;0.23; 0.203713; 0.047042; 0.003176; 0.000642; 7.6e-05; 2e-05; false; 0.258892;1.23; 0.2489; 0.0000; 0.0031; 0.0002; 0.0000; False; 0.0033; 0.2527
/home/experiments/nfa-bench/benchmarks/presburger/complement/UltimateAutomizer/nested9_true-unreach-call.i_788.0.mata;0.24; 0.209706; 0.049062; 0.002455; 0.000242; 2.8e-05; false; 0.265986;0.24; 0.215443; 0.052571; 0.002332; 0.000227; 3e-05; false; 0.275047;0.15; 0.127169; 0.033661; 0.002082; 0.000678; 8.9e-05; 2.7e-05; false; 0.167321;1.24; 0.2485; 0.0000; 0.0042; 0.0004; 0.0000; False; 0.0047; 0.2536
/home/experiments/nfa-bench/benchmarks/presburger/complement/UltimateAutomizer/nested9_true-unreach-call.i_807.0.mata;0.17; 0.166169; 0.030811; 0.001147; 0.000151; 1.5e-05; false; 0.201017;0.23; 0.209559; 0.049206; 0.002193; 0.000268; 2.5e-05; false; 0.266208;0.24; 0.210636; 0.052085; 0.003608; 0.000686; 7.8e-05; 2.5e-05; false; 0.272291;1.23; 0.2090; 0.0000; 0.0049; 0.0004; 0.0000; False; 0.0054; 0.2150
/home/experiments/nfa-bench/benchmarks/presburger/complement/UltimateAutomizer/nested9_true-unreach-call.i_817.0.mata;0.25; 0.221468; 0.053495; 0.00246; 0.000247; 2.6e-05; false; 0.282285;0.24; 0.220839; 0.050965; 0.002275; 0.000234; 2.7e-05; false; 0.278893;0.14; 0.122125; 0.033849; 0.00204; 0.000395; 5.6e-05; 1.7e-05; false; 0.161249;1.38; 0.2301; 0.0000; 0.0032; 0.0002; 0.0000; False; 0.0034; 0.2339
/home/experiments/nfa-bench/benchmarks/presburger/complement/UltimateAutomizer/nested9_true-unreach-call.i_870.0.mata;0.2; 0.186486; 0.045249; 0.002256; 0.000306; 6.3e-05; false; 0.238364;0.21; 0.185719; 0.043602; 0.002059; 0.00025; 5.8e-05; false; 0.234925;0.2; 0.18403; 0.04574; 0.00334; 0.00059; 8.3e-05; 8e-06; false; 0.237295;1.33; 0.2468; 0.0000; 0.0049; 0.0005; 0.0000; False; 0.0054; 0.2528
/home/experiments/nfa-bench/benchmarks/presburger/complement/UltimateAutomizer/nested9_true-unreach-call.i_887.0.mata;0.09; 0.085532; 0.017186; 0.000828; 0.000103; 2.7e-05; false; 0.105095;0.11; 0.100691; 0.024801; 0.001267; 0.000128; 4.3e-05; false; 0.128974;0.12; 0.104253; 0.025086; 0.002445; 0.000608; 4.2e-05; 2.6e-05; false; 0.134831;1.02; 0.1080; 0.0000; 0.0026; 0.0003; 0.0000; False; 0.0030; 0.1113
/home/experiments/nfa-bench/benchmarks/presburger/complement/UltimateAutomizer/nested9_true-unreach-call.i_927.0.mata;0.1; 0.079475; 0.02641; 0.001961; 0.000104; 4.9e-05; false; 0.112032;0.09; 0.073166; 0.025148; 0.001671; 0.000109; 5.4e-05; false; 0.103764;0.09; 0.078806; 0.027168; 0.002765; 0.000455; 4.6e-05; 4.1e-05; false; 0.113359;1.33; 0.1323; 0.0000; 0.0056; 0.0006; 0.0000; False; 0.0063; 0.1393
/home/experiments/nfa-bench/benchmarks/presburger/complement/UltimateAutomizer/nested9_true-unreach-call.i_947.0.mata;0.22; 0.19652; 0.048385; 0.002087; 0.000113; 6.5e-05; false; 0.2516;0.22; 0.194176; 0.047853; 0.001881; 0.000128; 6.7e-05; false; 0.248333;0.21; 0.180627; 0.043363; 0.003355; 0.000501; 3.5e-05; 4.6e-05; false; 0.231994;1.49; 0.3236; 0.0000; 0.0043; 0.0003; 0.0000; False; 0.0046; 0.3288
/home/experiments/nfa-bench/benchmarks/presburger/complement/UltimateAutomizer/recHanoi03_true-unreach-call_true-termination.c_1478.0.mata;0.63; 0.591464; 0.125617; 0.000304; 3.4e-05; 1.5e-05; false; 0.718999;0.76; 0.725239; 0.135493; 0.000526; 2.7e-05; 1.9e-05; false; 0.863355;1.02; 0.944782; 0.197079; 0.002142; 0.000108; 1.5e-05; 2.1e-05; false; 1.14614;3.05; 2.0340; 0.0000; 0.0008; 0.0000; 0.0000; False; 0.0009; 2.0351
/home/experiments/nfa-bench/benchmarks/presburger/complement/UltimateAutomizer/recHanoi03_true-unreach-call_true-termination.c_1735.0.mata;0.01; 0.009724; 0.005584; 4e-05; 8e-06; 2e-06; false; 0.016439;0.01; 0.009542; 0.005348; 3.8e-05; 8e-06; 3e-06; false; 0.01584;0.01; 0.009528; 0.005171; 0.000123; 2.7e-05; 7e-06; 2e-06; false; 0.015679;0.89; 0.0418; 0.0000; 0.0002; 0.0000; 0.0000; False; 0.0003; 0.0422
/home/experiments/nfa-bench/benchmarks/presburger/complement/UltimateAutomizer/recHanoi03_true-unreach-call_true-termination.c_1757.0.mata;0.6; 0.557959; 0.113521; 0.000185; 2.3e-05; 1.3e-05; false; 0.672656;0.36; 0.33507; 0.072128; 0.000118; 1.6e-05; 1.1e-05; false; 0.407985;0.44; 0.420012; 0.086886; 0.000443; 3.5e-05; 8e-06; 6e-06; false; 0.507968;3.45; 2.3379; 0.0000; 0.0007; 0.0000; 0.0000; False; 0.0008; 2.3389
/home/experiments/nfa-bench/benchmarks/presburger/complement/UltimateAutomizer/recHanoi03_true-unreach-call_true-termination.c_2147.0.mata;0.03; 0.032353; 0.011779; 0.000146; 2.1e-05; 1e-05; false; 0.045654;0.03; 0.030136; 0.01147; 0.000137; 2e-05; 1.5e-05; false; 0.043108;0.03; 0.03208; 0.011163; 0.000547; 6.9e-05; 1.5e-05; 1e-05; false; 0.045153;1.23; 0.0659; 0.0000; 0.0004; 0.0000; 0.0000; False; 0.0005; 0.0666
/home/experiments/nfa-bench/benchmarks/presburger/complement/UltimateAutomizer/recHanoi03_true-unreach-call_true-termination.c_2175.0.mata;0.44; 0.414225; 0.079683; 0.000135; 1.7e-05; 9e-06; false; 0.501762;0.39; 0.402177; 0.046637; 0.000117; 1.2e-05; 1.1e-05; false; 0.453534;0.27; 0.240133; 0.05387; 0.000505; 5.3e-05; 1.2e-05; 1e-05; false; 0.301456;2.68; 1.8149; 0.0000; 0.0006; 0.0000; 0.0000; False; 0.0007; 1.8159
/home/experiments/nfa-bench/benchmarks/presburger/complement/UltimateAutomizer/recHanoi03_true-unreach-call_true-termination.c_2715.0.mata;0.59; 0.552301; 0.103441; 0.000169; 1.8e-05; 1.1e-05; false; 0.656775;0.47; 0.413585; 0.109505; 0.000182; 2.1e-05; 1.1e-05; false; 0.524238;0.61; 0.560235; 0.125856; 0.000779; 6.1e-05; 1.3e-05; 1.2e-05; false; 0.688049;3.05; 2.0431; 0.0000; 0.0009; 0.0000; 0.0000; False; 0.0010; 2.0443
/home/experiments/nfa-bench/benchmarks/presburger/complement/UltimateAutomizer/recHanoi03_true-unreach-call_true-termination.c_2746.0.mata;10.5; 9.95088; 1.87462; 0.000542; 1.1e-05; 1.2e-05; false; 11.8283;16.55; 15.2531; 3.09178; 0.001089; 2.7e-05; 2.1e-05; false; 18.3497;16.09; 14.7776; 3.07624; 0.002642; 6.6e-05; 1.1e-05; 1.7e-05; false; 17.8598;TO;MISSING;MISSING;MISSING;MISSING;MISSING;MISSING;MISSING;MISSING
/home/experiments/nfa-bench/benchmarks/presburger/complement/UltimateAutomizer/recHanoi03_true-unreach-call_true-termination.c_278.0.mata;1.05; 0.982092; 0.193652; 0.000489; 3.5e-05; 1.9e-05; false; 1.17833;1.03; 0.936165; 0.203465; 0.000502; 3.9e-05; 1.8e-05; false; 1.14238;1.01; 0.969653; 0.15872; 0.001403; 7.8e-05; 1.4e-05; 1.6e-05; false; 1.13139;4.15; 3.0775; 0.0000; 0.0010; 0.0000; 0.0000; False; 0.0011; 3.0789
/home/experiments/nfa-bench/benchmarks/presburger/complement/UltimateAutomizer/recHanoi03_true-unreach-call_true-termination.c_287.0.mata;14.35; 13.1353; 2.99537; 0.000817; 1.7e-05; 1.3e-05; false; 16.1348;14.89; 14.2841; 2.31373; 0.000742; 1.1e-05; 1.2e-05; false; 16.6008;11.12; 10.1452; 2.21916; 0.002108; 5.5e-05; 8e-06; 7e-06; false; 12.3689;TO;MISSING;MISSING;MISSING;MISSING;MISSING;MISSING;MISSING;MISSING
/home/experiments/nfa-bench/benchmarks/presburger/complement/UltimateAutomizer/recHanoi03_true-unreach-call_true-termination.c_3227.0.mata;0.44; 0.407096; 0.090768; 0.000124; 1.5e-05; 8e-06; false; 0.498705;0.46; 0.406088; 0.093113; 0.000136; 1.4e-05; 8e-06; false; 0.500019;0.43; 0.403698; 0.087444; 0.000536; 4.6e-05; 1.1e-05; 8e-06; false; 0.49251;3.07; 1.8313; 0.0000; 0.0008; 0.0000; 0.0000; False; 0.0009; 1.8324
/home/experiments/nfa-bench/benchmarks/presburger/complement/UltimateAutomizer/recHanoi03_true-unreach-call_true-termination.c_367.0.mata;16.03; 14.6513; 3.11091; 0.000768; 2.1e-05; 2.5e-05; false; 17.7665;10.05; 9.11533; 2.11378; 0.000747; 1.3e-05; 1.2e-05; false; 11.2322;15.79; 14.5311; 3.03288; 0.002942; 8.1e-05; 1.3e-05; 1.9e-05; false; 17.5702;TO;MISSING;MISSING;MISSING;MISSING;MISSING;MISSING;MISSING;MISSING
/home/experiments/nfa-bench/benchmarks/presburger/complement/UltimateAutomizer/recHanoi03_true-unreach-call_true-termination.c_3872.0.mata;0.01; 0.015075; 0.007878; 5.2e-05; 1.1e-05; 3e-06; false; 0.024593;0.0; 0.009846; 0.005808; 4e-05; 8e-06; 3e-06; false; 0.016802;0.0; 0.009788; 0.005815; 0.000127; 2.7e-05; 6e-06; 2e-06; false; 0.016903;1.07; 0.0398; 0.0000; 0.0004; 0.0000; 0.0000; False; 0.0004; 0.0404
/home/experiments/nfa-bench/benchmarks/presburger/complement/UltimateAutomizer/recHanoi03_true-unreach-call_true-termination.c_557.0.mata;15.27; 14.5964; 2.40052; 0.00062; 1.2e-05; 1.5e-05; false; 17.0001;11.62; 10.8641; 2.04195; 0.000729; 1.5e-05; 9e-06; false; 12.9094;15.52; 14.4978; 2.87327; 0.003376; 7.9e-05; 2.6e-05; 2.1e-05; false; 17.3783;TO;MISSING;MISSING;MISSING;MISSING;MISSING;MISSING;MISSING;MISSING
/home/experiments/nfa-bench/benchmarks/presburger/complement/UltimateAutomizer/recHanoi03_true-unreach-call_true-termination.c_597.0.mata;32.38; 41.7995; 5.93602; 0.003348; 3.5e-05; 4.8e-05; false; 47.7548;ERR;ERR;ERR;ERR;ERR;ERR;ERR;ERR;28.87; 43.6726; 3.45415; 0.00778; 0.000104; 1.3e-05; 3.2e-05; false; 47.1427;TO;MISSING;MISSING;MISSING;MISSING;MISSING;MISSING;MISSING;MISSING
/home/experiments/nfa-bench/benchmarks/presburger/complement/UltimateAutomizer/recHanoi03_true-unreach-call_true-termination.c_73.0.mata;0.01; 0.015088; 0.007782; 9.3e-05; 1.3e-05; 3e-06; false; 0.02425;0.01; 0.014841; 0.006077; 5.4e-05; 9e-06; 2e-06; false; 0.021983;0.01; 0.008939; 0.005397; 0.00013; 2.8e-05; 7e-06; 2e-06; false; 0.015335;1.14; 0.0696; 0.0000; 0.0009; 0.0000; 0.0000; False; 0.0009; 0.0710
/home/experiments/nfa-bench/benchmarks/presburger/complement/UltimateAutomizer/recHanoi03_true-unreach-call_true-termination.c_847.0.mata;0.01; 0.016017; 0.007706; 6.6e-05; 1.3e-05; 6e-06; false; 0.025084;0.01; 0.015708; 0.00809; 7.1e-05; 1.5e-05; 6e-06; false; 0.025361;0.02; 0.016315; 0.009382; 0.000184; 4.1e-05; 1e-05; 5e-06; false; 0.027235;0.95; 0.0433; 0.0000; 0.0002; 0.0000; 0.0000; False; 0.0003; 0.0438
/home/experiments/nfa-bench/benchmarks/presburger/complement/UltimateAutomizer/recHanoi03_true-unreach-call_true-termination.c_874.0.mata;0.01; 0.009169; 0.00526; 3.8e-05; 8e-06; 4e-06; false; 0.015469;0.01; 0.008968; 0.00527; 4e-05; 1.1e-05; 3e-06; false; 0.015165;0.01; 0.008807; 0.005569; 0.00012; 2.5e-05; 6e-06; 3e-06; false; 0.015464;0.92; 0.0445; 0.0000; 0.0003; 0.0000; 0.0000; False; 0.0004; 0.0450
/home/experiments/nfa-bench/benchmarks/presburger/complement/UltimateAutomizer/recHanoi03_true-unreach-call_true-termination.c_876.0.mata;0.02; 0.018125; 0.007607; 7.9e-05; 2.7e-05; 7e-06; false; 0.026822;0.02; 0.017856; 0.010553; 8.5e-05; 1.7e-05; 7e-06; false; 0.029421;0.02; 0.021492; 0.014312; 0.000326; 5e-05; 1e-05; 6e-06; false; 0.037036;1.31; 0.0732; 0.0000; 0.0010; 0.0001; 0.0000; False; 0.0011; 0.0748
/home/experiments/nfa-bench/benchmarks/presburger/complement/tptp/ARI056_1.mata;0.0; 0.000395; 0.006782; 4.9e-05; 7e-06; 2e-06; false; 0.008538;0.0; 0.000216; 0.006451; 6.3e-05; 8e-06; 2e-06; false; 0.007865;0.0; 0.000123; 0.005757; 0.00011; 3e-05; 9e-06; 2e-06; false; 0.007453;1.34; 0.0069; 0.0000; 0.0001; 0.0000; 0.0000; False; 0.0001; 0.0072
/home/experiments/nfa-bench/benchmarks/presburger/complement/tptp/ARI083_1.mata;0.0; 0.002006; 0.007192; 0.000128; 2.2e-05; 1.2e-05; false; 0.01115;0.0; 0.001862; 0.007155; 0.000124; 2.9e-05; 1.2e-05; false; 0.010822;0.0; 0.001738; 0.006651; 0.000124; 0.000127; 1.6e-05; 1e-05; false; 0.009837;1.27; 0.0115; 0.0000; 0.0004; 0.0000; 0.0000; False; 0.0004; 0.0122
/home/experiments/nfa-bench/benchmarks/presburger/complement/tptp/ARI590_1.mata;0.0; 0.000362; 0.004178; 2.4e-05; 5e-06; 2e-06; false; 0.005355;0.0; 0.000324; 0.004031; 2.3e-05; 4e-06; 1e-06; false; 0.005119;0.0; 0.000354; 0.004251; 4.2e-05; 1.4e-05; 4e-06; 1e-06; false; 0.00562;0.88; 0.0050; 0.0000; 0.0001; 0.0000; 0.0000; False; 0.0001; 0.0053
/home/experiments/nfa-bench/benchmarks/presburger/complement/tptp/ARI591_1.mata;0.0; 0.0005; 0.005406; 3.2e-05; 8e-06; 1e-06; false; 0.006913;0.0; 0.000404; 0.005475; 3.2e-05; 9e-06; 2e-06; false; 0.006877;0.0; 0.000411; 0.005323; 6.5e-05; 1.8e-05; 6e-06; 2e-06; false; 0.006818;1.16; 0.0064; 0.0000; 0.0001; 0.0000; 0.0000; False; 0.0002; 0.0067
/home/experiments/nfa-bench/benchmarks/presburger/complement/tptp/NUM868_1.mata;0.0; 0.000144; 0.003871; 2.1e-05; 4e-06; 1e-06; false; 0.004669;0.0; 9.4e-05; 0.003945; 2.1e-05; 5e-06; 2e-06; false; 0.004687;0.0; 0.000137; 0.005231; 4.8e-05; 5.8e-05; 6e-06; 2e-06; false; 0.006238;0.84; 0.0043; 0.0000; 0.0001; 0.0000; 0.0000; False; 0.0001; 0.0045
/home/experiments/nfa-bench/benchmarks/presburger/complement/tptp/NUM869_1.mata;0.0; 0.000154; 0.005214; 1.8e-05; 6e-06; 1e-06; false; 0.006285;0.0; 9.1e-05; 0.005232; 2e-05; 5e-06; 2e-06; false; 0.006231;0.0; 9.3e-05; 0.005211; 3.7e-05; 1.4e-05; 5e-06; 1e-06; false; 0.006201;1.09; 0.0058; 0.0000; 0.0001; 0.0000; 0.0000; False; 0.0001; 0.0061
/home/experiments/nfa-bench/benchmarks/presburger/complement/tptp/NUM870_1.mata;0.0; 0.000221; 0.003814; 1.5e-05; 4e-06; 1e-06; false; 0.004674;0.0; 0.000192; 0.003765; 1.4e-05; 4e-06; 2e-06; false; 0.004512;0.0; 0.000298; 0.005215; 4e-05; 1.6e-05; 6e-06; 2e-06; false; 0.006401;0.81; 0.0051; 0.0000; 0.0001; 0.0000; 0.0000; False; 0.0001; 0.0053
/home/experiments/nfa-bench/benchmarks/presburger/complement/tptp/NUM871_1.mata;0.0; 0.002759; 0.005619; 2e-05; 6e-06; 2e-06; false; 0.009272;0.0; 0.0026; 0.00564; 2e-05; 5e-06; 2e-06; false; 0.009146;0.0; 0.002637; 0.005542; 3.8e-05; 1.6e-05; 5e-06; 2e-06; false; 0.009057;1.19; 0.0177; 0.0000; 0.0001; 0.0000; 0.0000; False; 0.0002; 0.0180
/home/experiments/nfa-bench/benchmarks/presburger/complement/tptp/NUM874_1.mata;0.0; 0.000166; 0.005372; 2.2e-05; 5e-06; 2e-06; false; 0.006545;0.0; 6.8e-05; 0.003955; 1.7e-05; 6e-06; 1e-06; false; 0.00476;0.0; 6.5e-05; 0.003769; 2.8e-05; 1.3e-05; 4e-06; 2e-06; false; 0.004409;1.2; 0.0061; 0.0000; 0.0001; 0.0000; 0.0000; False; 0.0001; 0.0064
/home/experiments/nfa-bench/benchmarks/presburger/complement/tptp/NUM896_1.mata;0.0; 0.001104; 0.005653; 8.6e-05; 1.8e-05; 6e-06; false; 0.007793;0.0; 0.000992; 0.005718; 8.8e-05; 1.7e-05; 8e-06; false; 0.007758;0.0; 0.000971; 0.005667; 0.000191; 8.6e-05; 1.8e-05; 7e-06; false; 0.007921;1.23; 0.0082; 0.0000; 0.0004; 0.0000; 0.0000; False; 0.0005; 0.0090
/home/experiments/nfa-bench/benchmarks/presburger/complement/tptp/NUM897_1.mata;0.0; 0.000669; 0.005665; 6.7e-05; 1.3e-05; 6e-06; false; 0.007423;0.0; 0.000591; 0.005616; 6.9e-05; 1.2e-05; 8e-06; false; 0.007437;0.0; 0.000609; 0.005583; 9.7e-05; 6.1e-05; 1.1e-05; 4e-06; false; 0.007441;1.22; 0.0070; 0.0000; 0.0002; 0.0000; 0.0000; False; 0.0002; 0.0075
/home/experiments/nfa-bench/benchmarks/presburger/complement/tptp/NUM898_1.mata;0.0; 0.000722; 0.005604; 6.8e-05; 1.4e-05; 5e-06; false; 0.007523;0.0; 0.000585; 0.00557; 7.4e-05; 1.8e-05; 6e-06; false; 0.007489;0.0; 0.000596; 0.005353; 9.8e-05; 6e-05; 1.1e-05; 5e-06; false; 0.007229;1.07; 0.0053; 0.0000; 0.0001; 0.0000; 0.0000; False; 0.0002; 0.0056
/home/experiments/nfa-bench/benchmarks/presburger/complement/tptp/NUM899_1.mata;0.0; 0.002649; 0.006212; 0.000142; 2.4e-05; 1e-05; false; 0.010051;0.0; 0.002595; 0.006186; 0.000126; 2.4e-05; 1.1e-05; false; 0.009972;0.0; 0.00259; 0.006283; 0.000322; 0.000135; 2.6e-05; 1.2e-05; false; 0.010455;1.24; 0.0130; 0.0000; 0.0004; 0.0000; 0.0000; False; 0.0004; 0.0137
/home/experiments/nfa-bench/benchmarks/presburger/complement/tptp/NUM915_1.mata;0.0; 0.00054; 0.005702; 2.9e-05; 8e-06; 2e-06; false; 0.007493;0.0; 0.000447; 0.005378; 2.9e-05; 6e-06; 1e-06; false; 0.00678;0.0; 0.000434; 0.005285; 5.1e-05; 1.6e-05; 5e-06; 2e-06; false; 0.006681;1.22; 0.0069; 0.0000; 0.0001; 0.0000; 0.0000; False; 0.0002; 0.0072
/home/experiments/nfa-bench/benchmarks/presburger/complement/tptp/NUM916_1.mata;0.0; 0.000318; 0.003909; 1.8e-05; 5e-06; 2e-06; false; 0.004868;0.0; 0.000253; 0.003982; 1.9e-05; 5e-06; 1e-06; false; 0.004875;0.0; 0.000268; 0.003918; 3.8e-05; 1.3e-05; 4e-06; 1e-06; false; 0.004924;0.91; 0.0051; 0.0000; 0.0001; 0.0000; 0.0000; False; 0.0001; 0.0054
/home/experiments/nfa-bench/benchmarks/presburger/complement/tptp/NUM917_1.mata;0.0; 0.000461; 0.005152; 2.7e-05; 7e-06; 2e-06; false; 0.006525;0.0; 0.000436; 0.005376; 3e-05; 1.4e-05; 2e-06; false; 0.006819;0.0; 0.00043; 0.005356; 5e-05; 1.9e-05; 5e-06; 2e-06; false; 0.006822;1.13; 0.0066; 0.0000; 0.0001; 0.0000; 0.0000; False; 0.0002; 0.0069
/home/experiments/nfa-bench/benchmarks/presburger/complement/tptp/NUM918_1.mata;0.0; 0.000331; 0.004016; 2e-05; 5e-06; 2e-06; false; 0.005019;0.0; 0.000294; 0.004106; 2.1e-05; 6e-06; 1e-06; false; 0.005262;0.0; 0.000283; 0.004301; 3.5e-05; 1.4e-05; 4e-06; 1e-06; false; 0.005388;0.88; 0.0051; 0.0000; 0.0001; 0.0000; 0.0000; False; 0.0001; 0.0053
