name;mata-bin-runtime;automata-runtime;mata-runtime;vata-runtime;awali-runtime;mona-runtime;pymata-runtime;pyfado-runtime;pyautomata-lib-runtime;java-automatalib-runtime;java-brics-runtime
/home/experiments/nfa-bench/benchmarks/bool_comb/intersect/expbranching-10-*.mata;ERR;ERR;ERR;ERR;ERR;ERR;ERR;ERR;ERR;ERR;ERR
/home/experiments/nfa-bench/benchmarks/bool_comb/intersect/expbranching-11-*.mata;ERR;ERR;ERR;ERR;ERR;ERR;ERR;ERR;ERR;ERR;ERR
/home/experiments/nfa-bench/benchmarks/bool_comb/intersect/expbranching-12-*.mata;ERR;ERR;ERR;ERR;ERR;ERR;ERR;ERR;ERR;ERR;ERR
/home/experiments/nfa-bench/benchmarks/bool_comb/intersect/expbranching-13-*.mata;ERR;ERR;ERR;ERR;ERR;ERR;ERR;ERR;ERR;ERR;ERR
/home/experiments/nfa-bench/benchmarks/bool_comb/intersect/expbranching-14-*.mata;ERR;ERR;ERR;ERR;ERR;ERR;ERR;ERR;ERR;ERR;ERR
/home/experiments/nfa-bench/benchmarks/bool_comb/intersect/expbranching-15-*.mata;ERR;ERR;ERR;ERR;ERR;ERR;ERR;ERR;ERR;ERR;ERR
/home/experiments/nfa-bench/benchmarks/bool_comb/intersect/expbranching-16-*.mata;ERR;ERR;ERR;ERR;ERR;ERR;ERR;ERR;ERR;ERR;ERR
/home/experiments/nfa-bench/benchmarks/bool_comb/intersect/expbranching-17-*.mata;ERR;ERR;ERR;ERR;ERR;ERR;ERR;ERR;ERR;ERR;ERR
/home/experiments/nfa-bench/benchmarks/bool_comb/intersect/expbranching-18-*.mata;ERR;ERR;ERR;ERR;ERR;ERR;ERR;ERR;ERR;ERR;ERR
/home/experiments/nfa-bench/benchmarks/bool_comb/intersect/expbranching-19-*.mata;ERR;ERR;ERR;ERR;ERR;ERR;ERR;ERR;ERR;ERR;ERR
/home/experiments/nfa-bench/benchmarks/bool_comb/intersect/expbranching-2-*.mata;ERR;ERR;ERR;ERR;ERR;ERR;ERR;ERR;ERR;ERR;ERR
/home/experiments/nfa-bench/benchmarks/bool_comb/intersect/expbranching-20-*.mata;ERR;ERR;ERR;ERR;ERR;ERR;ERR;ERR;ERR;ERR;ERR
/home/experiments/nfa-bench/benchmarks/bool_comb/intersect/expbranching-21-*.mata;ERR;ERR;ERR;ERR;ERR;ERR;ERR;ERR;ERR;ERR;ERR
/home/experiments/nfa-bench/benchmarks/bool_comb/intersect/expbranching-22-*.mata;ERR;ERR;ERR;ERR;ERR;ERR;ERR;ERR;ERR;ERR;ERR
/home/experiments/nfa-bench/benchmarks/bool_comb/intersect/expbranching-23-*.mata;ERR;ERR;ERR;ERR;ERR;ERR;ERR;ERR;ERR;ERR;ERR
/home/experiments/nfa-bench/benchmarks/bool_comb/intersect/expbranching-24-*.mata;ERR;ERR;ERR;ERR;ERR;ERR;ERR;ERR;ERR;ERR;ERR
/home/experiments/nfa-bench/benchmarks/bool_comb/intersect/expbranching-25-*.mata;ERR;ERR;ERR;ERR;ERR;ERR;ERR;ERR;ERR;ERR;ERR
/home/experiments/nfa-bench/benchmarks/bool_comb/intersect/expbranching-26-*.mata;ERR;ERR;ERR;ERR;ERR;ERR;ERR;ERR;ERR;ERR;ERR
/home/experiments/nfa-bench/benchmarks/bool_comb/intersect/expbranching-27-*.mata;ERR;ERR;ERR;ERR;ERR;ERR;ERR;ERR;ERR;ERR;ERR
/home/experiments/nfa-bench/benchmarks/bool_comb/intersect/expbranching-28-*.mata;ERR;ERR;ERR;ERR;ERR;ERR;ERR;ERR;ERR;ERR;ERR
/home/experiments/nfa-bench/benchmarks/bool_comb/intersect/expbranching-29-*.mata;ERR;ERR;ERR;ERR;ERR;ERR;ERR;ERR;ERR;ERR;ERR
/home/experiments/nfa-bench/benchmarks/bool_comb/intersect/expbranching-3-*.mata;ERR;ERR;ERR;ERR;ERR;ERR;ERR;ERR;ERR;ERR;ERR
/home/experiments/nfa-bench/benchmarks/bool_comb/intersect/expbranching-30-*.mata;ERR;ERR;ERR;ERR;ERR;ERR;ERR;ERR;ERR;ERR;ERR
/home/experiments/nfa-bench/benchmarks/bool_comb/intersect/expbranching-31-*.mata;ERR;ERR;ERR;ERR;ERR;ERR;ERR;ERR;ERR;ERR;ERR
/home/experiments/nfa-bench/benchmarks/bool_comb/intersect/expbranching-32-*.mata;ERR;ERR;ERR;ERR;ERR;ERR;ERR;ERR;ERR;ERR;ERR
/home/experiments/nfa-bench/benchmarks/bool_comb/intersect/expbranching-33-*.mata;ERR;ERR;ERR;ERR;ERR;ERR;ERR;ERR;ERR;ERR;ERR
/home/experiments/nfa-bench/benchmarks/bool_comb/intersect/expbranching-34-*.mata;ERR;ERR;ERR;ERR;ERR;ERR;ERR;ERR;ERR;ERR;ERR
/home/experiments/nfa-bench/benchmarks/bool_comb/intersect/expbranching-35-*.mata;ERR;ERR;ERR;ERR;ERR;ERR;ERR;ERR;ERR;ERR;ERR
/home/experiments/nfa-bench/benchmarks/bool_comb/intersect/expbranching-36-*.mata;ERR;ERR;ERR;ERR;ERR;ERR;ERR;ERR;ERR;ERR;ERR
/home/experiments/nfa-bench/benchmarks/bool_comb/intersect/expbranching-37-*.mata;ERR;ERR;ERR;ERR;ERR;ERR;ERR;ERR;ERR;ERR;ERR
/home/experiments/nfa-bench/benchmarks/bool_comb/intersect/expbranching-38-*.mata;ERR;ERR;ERR;ERR;ERR;ERR;ERR;ERR;ERR;ERR;ERR
/home/experiments/nfa-bench/benchmarks/bool_comb/intersect/expbranching-39-*.mata;ERR;ERR;ERR;ERR;ERR;ERR;ERR;ERR;ERR;ERR;ERR
/home/experiments/nfa-bench/benchmarks/bool_comb/intersect/expbranching-4-*.mata;ERR;ERR;ERR;ERR;ERR;ERR;ERR;ERR;ERR;ERR;ERR
/home/experiments/nfa-bench/benchmarks/bool_comb/intersect/expbranching-40-*.mata;ERR;ERR;ERR;ERR;ERR;ERR;ERR;ERR;ERR;ERR;ERR
/home/experiments/nfa-bench/benchmarks/bool_comb/intersect/expbranching-41-*.mata;ERR;ERR;ERR;ERR;ERR;ERR;ERR;ERR;ERR;ERR;ERR
/home/experiments/nfa-bench/benchmarks/bool_comb/intersect/expbranching-42-*.mata;ERR;ERR;ERR;ERR;ERR;ERR;ERR;ERR;ERR;ERR;ERR
/home/experiments/nfa-bench/benchmarks/bool_comb/intersect/expbranching-43-*.mata;ERR;ERR;ERR;ERR;ERR;ERR;ERR;ERR;ERR;ERR;ERR
/home/experiments/nfa-bench/benchmarks/bool_comb/intersect/expbranching-44-*.mata;ERR;ERR;ERR;ERR;ERR;ERR;ERR;ERR;ERR;ERR;ERR
/home/experiments/nfa-bench/benchmarks/bool_comb/intersect/expbranching-45-*.mata;ERR;ERR;ERR;ERR;ERR;ERR;ERR;ERR;ERR;ERR;ERR
/home/experiments/nfa-bench/benchmarks/bool_comb/intersect/expbranching-46-*.mata;ERR;ERR;ERR;ERR;ERR;ERR;ERR;ERR;ERR;ERR;ERR
/home/experiments/nfa-bench/benchmarks/bool_comb/intersect/expbranching-47-*.mata;ERR;ERR;ERR;ERR;ERR;ERR;ERR;ERR;ERR;ERR;ERR
/home/experiments/nfa-bench/benchmarks/bool_comb/intersect/expbranching-48-*.mata;ERR;ERR;ERR;ERR;ERR;ERR;ERR;ERR;ERR;ERR;ERR
/home/experiments/nfa-bench/benchmarks/bool_comb/intersect/expbranching-49-*.mata;ERR;ERR;ERR;ERR;ERR;ERR;ERR;ERR;ERR;ERR;ERR
/home/experiments/nfa-bench/benchmarks/bool_comb/intersect/expbranching-5-*.mata;ERR;ERR;ERR;ERR;ERR;ERR;ERR;ERR;ERR;ERR;ERR
/home/experiments/nfa-bench/benchmarks/bool_comb/intersect/expbranching-50-*.mata;ERR;ERR;ERR;ERR;ERR;ERR;ERR;ERR;ERR;ERR;ERR
/home/experiments/nfa-bench/benchmarks/bool_comb/intersect/expbranching-51-*.mata;ERR;ERR;ERR;ERR;ERR;ERR;ERR;ERR;ERR;ERR;ERR
/home/experiments/nfa-bench/benchmarks/bool_comb/intersect/expbranching-52-*.mata;ERR;ERR;ERR;ERR;ERR;ERR;ERR;ERR;ERR;ERR;ERR
/home/experiments/nfa-bench/benchmarks/bool_comb/intersect/expbranching-53-*.mata;ERR;ERR;ERR;ERR;ERR;ERR;ERR;ERR;ERR;ERR;ERR
/home/experiments/nfa-bench/benchmarks/bool_comb/intersect/expbranching-54-*.mata;ERR;ERR;ERR;ERR;ERR;ERR;ERR;ERR;ERR;ERR;ERR
/home/experiments/nfa-bench/benchmarks/bool_comb/intersect/expbranching-55-*.mata;ERR;ERR;ERR;ERR;ERR;ERR;ERR;ERR;ERR;ERR;ERR
/home/experiments/nfa-bench/benchmarks/bool_comb/intersect/expbranching-56-*.mata;ERR;ERR;ERR;ERR;ERR;ERR;ERR;ERR;ERR;ERR;ERR
/home/experiments/nfa-bench/benchmarks/bool_comb/intersect/expbranching-57-*.mata;ERR;ERR;ERR;ERR;ERR;ERR;ERR;ERR;ERR;ERR;ERR
/home/experiments/nfa-bench/benchmarks/bool_comb/intersect/expbranching-58-*.mata;ERR;ERR;ERR;ERR;ERR;ERR;ERR;ERR;ERR;ERR;ERR
/home/experiments/nfa-bench/benchmarks/bool_comb/intersect/expbranching-59-*.mata;ERR;ERR;ERR;ERR;ERR;ERR;ERR;ERR;ERR;ERR;ERR
/home/experiments/nfa-bench/benchmarks/bool_comb/intersect/expbranching-6-*.mata;ERR;ERR;ERR;ERR;ERR;ERR;ERR;ERR;ERR;ERR;ERR
/home/experiments/nfa-bench/benchmarks/bool_comb/intersect/expbranching-60-*.mata;ERR;ERR;ERR;ERR;ERR;ERR;ERR;ERR;ERR;ERR;ERR
/home/experiments/nfa-bench/benchmarks/bool_comb/intersect/expbranching-7-*.mata;ERR;ERR;ERR;ERR;ERR;ERR;ERR;ERR;ERR;ERR;ERR
/home/experiments/nfa-bench/benchmarks/bool_comb/intersect/expbranching-8-*.mata;ERR;ERR;ERR;ERR;ERR;ERR;ERR;ERR;ERR;ERR;ERR
/home/experiments/nfa-bench/benchmarks/bool_comb/intersect/expbranching-9-*.mata;ERR;ERR;ERR;ERR;ERR;ERR;ERR;ERR;ERR;ERR;ERR
/home/experiments/nfa-bench/benchmarks/bool_comb/intersect/exppaths1-10-*.mata;ERR;ERR;ERR;ERR;ERR;ERR;ERR;ERR;ERR;ERR;ERR
/home/experiments/nfa-bench/benchmarks/bool_comb/intersect/exppaths1-11-*.mata;ERR;ERR;ERR;ERR;ERR;ERR;ERR;ERR;ERR;ERR;ERR
/home/experiments/nfa-bench/benchmarks/bool_comb/intersect/exppaths1-12-*.mata;ERR;ERR;ERR;ERR;ERR;ERR;ERR;ERR;ERR;ERR;ERR
/home/experiments/nfa-bench/benchmarks/bool_comb/intersect/exppaths1-13-*.mata;ERR;ERR;ERR;ERR;ERR;ERR;ERR;ERR;ERR;ERR;ERR
/home/experiments/nfa-bench/benchmarks/bool_comb/intersect/exppaths1-14-*.mata;ERR;ERR;ERR;ERR;ERR;ERR;ERR;ERR;ERR;ERR;ERR
/home/experiments/nfa-bench/benchmarks/bool_comb/intersect/exppaths1-15-*.mata;ERR;ERR;ERR;ERR;ERR;ERR;ERR;ERR;ERR;ERR;ERR
/home/experiments/nfa-bench/benchmarks/bool_comb/intersect/exppaths1-16-*.mata;ERR;ERR;ERR;ERR;ERR;ERR;ERR;ERR;ERR;ERR;ERR
/home/experiments/nfa-bench/benchmarks/bool_comb/intersect/exppaths1-17-*.mata;ERR;ERR;ERR;ERR;ERR;ERR;ERR;ERR;ERR;ERR;ERR
/home/experiments/nfa-bench/benchmarks/bool_comb/intersect/exppaths1-18-*.mata;ERR;ERR;ERR;ERR;ERR;ERR;ERR;ERR;ERR;ERR;ERR
/home/experiments/nfa-bench/benchmarks/bool_comb/intersect/exppaths1-19-*.mata;ERR;ERR;ERR;ERR;ERR;ERR;ERR;ERR;ERR;ERR;ERR
/home/experiments/nfa-bench/benchmarks/bool_comb/intersect/exppaths1-2-*.mata;ERR;ERR;ERR;ERR;ERR;ERR;ERR;ERR;ERR;ERR;ERR
/home/experiments/nfa-bench/benchmarks/bool_comb/intersect/exppaths1-20-*.mata;ERR;ERR;ERR;ERR;ERR;ERR;ERR;ERR;ERR;ERR;ERR
/home/experiments/nfa-bench/benchmarks/bool_comb/intersect/exppaths1-21-*.mata;ERR;ERR;ERR;ERR;ERR;ERR;ERR;ERR;ERR;ERR;ERR
/home/experiments/nfa-bench/benchmarks/bool_comb/intersect/exppaths1-22-*.mata;ERR;ERR;ERR;ERR;ERR;ERR;ERR;ERR;ERR;ERR;ERR
/home/experiments/nfa-bench/benchmarks/bool_comb/intersect/exppaths1-23-*.mata;ERR;ERR;ERR;ERR;ERR;ERR;ERR;ERR;ERR;ERR;ERR
/home/experiments/nfa-bench/benchmarks/bool_comb/intersect/exppaths1-24-*.mata;ERR;ERR;ERR;ERR;ERR;ERR;ERR;ERR;ERR;ERR;ERR
/home/experiments/nfa-bench/benchmarks/bool_comb/intersect/exppaths1-25-*.mata;ERR;ERR;ERR;ERR;ERR;ERR;ERR;ERR;ERR;ERR;ERR
/home/experiments/nfa-bench/benchmarks/bool_comb/intersect/exppaths1-26-*.mata;ERR;ERR;ERR;ERR;ERR;ERR;ERR;ERR;ERR;ERR;ERR
/home/experiments/nfa-bench/benchmarks/bool_comb/intersect/exppaths1-27-*.mata;ERR;ERR;ERR;ERR;ERR;ERR;ERR;ERR;ERR;ERR;ERR
/home/experiments/nfa-bench/benchmarks/bool_comb/intersect/exppaths1-28-*.mata;ERR;ERR;ERR;ERR;ERR;ERR;ERR;ERR;ERR;ERR;ERR
/home/experiments/nfa-bench/benchmarks/bool_comb/intersect/exppaths1-29-*.mata;ERR;ERR;ERR;ERR;ERR;ERR;ERR;ERR;ERR;ERR;ERR
/home/experiments/nfa-bench/benchmarks/bool_comb/intersect/exppaths1-3-*.mata;ERR;ERR;ERR;ERR;ERR;ERR;ERR;ERR;ERR;ERR;ERR
/home/experiments/nfa-bench/benchmarks/bool_comb/intersect/exppaths1-30-*.mata;ERR;ERR;ERR;ERR;ERR;ERR;ERR;ERR;ERR;ERR;ERR
/home/experiments/nfa-bench/benchmarks/bool_comb/intersect/exppaths1-31-*.mata;ERR;ERR;ERR;ERR;ERR;ERR;ERR;ERR;ERR;ERR;ERR
/home/experiments/nfa-bench/benchmarks/bool_comb/intersect/exppaths1-32-*.mata;ERR;ERR;ERR;ERR;ERR;ERR;ERR;ERR;ERR;ERR;ERR
/home/experiments/nfa-bench/benchmarks/bool_comb/intersect/exppaths1-33-*.mata;ERR;ERR;ERR;ERR;ERR;ERR;ERR;ERR;ERR;ERR;ERR
/home/experiments/nfa-bench/benchmarks/bool_comb/intersect/exppaths1-34-*.mata;ERR;ERR;ERR;ERR;ERR;ERR;ERR;ERR;ERR;ERR;ERR
/home/experiments/nfa-bench/benchmarks/bool_comb/intersect/exppaths1-35-*.mata;ERR;ERR;ERR;ERR;ERR;ERR;ERR;ERR;ERR;ERR;ERR
/home/experiments/nfa-bench/benchmarks/bool_comb/intersect/exppaths1-36-*.mata;ERR;ERR;ERR;ERR;ERR;ERR;ERR;ERR;ERR;ERR;ERR
/home/experiments/nfa-bench/benchmarks/bool_comb/intersect/exppaths1-37-*.mata;ERR;ERR;ERR;ERR;ERR;ERR;ERR;ERR;ERR;ERR;ERR
/home/experiments/nfa-bench/benchmarks/bool_comb/intersect/exppaths1-38-*.mata;ERR;ERR;ERR;ERR;ERR;ERR;ERR;ERR;ERR;ERR;ERR
/home/experiments/nfa-bench/benchmarks/bool_comb/intersect/exppaths1-39-*.mata;ERR;ERR;ERR;ERR;ERR;ERR;ERR;ERR;ERR;ERR;ERR
/home/experiments/nfa-bench/benchmarks/bool_comb/intersect/exppaths1-4-*.mata;ERR;ERR;ERR;ERR;ERR;ERR;ERR;ERR;ERR;ERR;ERR
/home/experiments/nfa-bench/benchmarks/bool_comb/intersect/exppaths1-40-*.mata;ERR;ERR;ERR;ERR;ERR;ERR;ERR;ERR;ERR;ERR;ERR
/home/experiments/nfa-bench/benchmarks/bool_comb/intersect/exppaths1-41-*.mata;ERR;ERR;ERR;ERR;ERR;ERR;ERR;ERR;ERR;ERR;ERR
/home/experiments/nfa-bench/benchmarks/bool_comb/intersect/exppaths1-42-*.mata;ERR;ERR;ERR;ERR;ERR;ERR;ERR;ERR;ERR;ERR;ERR
/home/experiments/nfa-bench/benchmarks/bool_comb/intersect/exppaths1-43-*.mata;ERR;ERR;ERR;ERR;ERR;ERR;ERR;ERR;ERR;ERR;ERR
/home/experiments/nfa-bench/benchmarks/bool_comb/intersect/exppaths1-44-*.mata;ERR;ERR;ERR;ERR;ERR;ERR;ERR;ERR;ERR;ERR;ERR
/home/experiments/nfa-bench/benchmarks/bool_comb/intersect/exppaths1-45-*.mata;ERR;ERR;ERR;ERR;ERR;ERR;ERR;ERR;ERR;ERR;ERR
/home/experiments/nfa-bench/benchmarks/bool_comb/intersect/exppaths1-46-*.mata;ERR;ERR;ERR;ERR;ERR;ERR;ERR;ERR;ERR;ERR;ERR
/home/experiments/nfa-bench/benchmarks/bool_comb/intersect/exppaths1-47-*.mata;ERR;ERR;ERR;ERR;ERR;ERR;ERR;ERR;ERR;ERR;ERR
/home/experiments/nfa-bench/benchmarks/bool_comb/intersect/exppaths1-48-*.mata;ERR;ERR;ERR;ERR;ERR;ERR;ERR;ERR;ERR;ERR;ERR
/home/experiments/nfa-bench/benchmarks/bool_comb/intersect/exppaths1-49-*.mata;ERR;ERR;ERR;ERR;ERR;ERR;ERR;ERR;ERR;ERR;ERR
/home/experiments/nfa-bench/benchmarks/bool_comb/intersect/exppaths1-5-*.mata;ERR;ERR;ERR;ERR;ERR;ERR;ERR;ERR;ERR;ERR;ERR
/home/experiments/nfa-bench/benchmarks/bool_comb/intersect/exppaths1-50-*.mata;ERR;ERR;ERR;ERR;ERR;ERR;ERR;ERR;ERR;ERR;ERR
/home/experiments/nfa-bench/benchmarks/bool_comb/intersect/exppaths1-51-*.mata;ERR;ERR;ERR;ERR;ERR;ERR;ERR;ERR;ERR;ERR;ERR
/home/experiments/nfa-bench/benchmarks/bool_comb/intersect/exppaths1-52-*.mata;ERR;ERR;ERR;ERR;ERR;ERR;ERR;ERR;ERR;ERR;ERR
/home/experiments/nfa-bench/benchmarks/bool_comb/intersect/exppaths1-53-*.mata;ERR;ERR;ERR;ERR;ERR;ERR;ERR;ERR;ERR;ERR;ERR
/home/experiments/nfa-bench/benchmarks/bool_comb/intersect/exppaths1-54-*.mata;ERR;ERR;ERR;ERR;ERR;ERR;ERR;ERR;ERR;ERR;ERR
/home/experiments/nfa-bench/benchmarks/bool_comb/intersect/exppaths1-55-*.mata;ERR;ERR;ERR;ERR;ERR;ERR;ERR;ERR;ERR;ERR;ERR
/home/experiments/nfa-bench/benchmarks/bool_comb/intersect/exppaths1-56-*.mata;ERR;ERR;ERR;ERR;ERR;ERR;ERR;ERR;ERR;ERR;ERR
/home/experiments/nfa-bench/benchmarks/bool_comb/intersect/exppaths1-57-*.mata;ERR;ERR;ERR;ERR;ERR;ERR;ERR;ERR;ERR;ERR;ERR
/home/experiments/nfa-bench/benchmarks/bool_comb/intersect/exppaths1-58-*.mata;ERR;ERR;ERR;ERR;ERR;ERR;ERR;ERR;ERR;ERR;ERR
/home/experiments/nfa-bench/benchmarks/bool_comb/intersect/exppaths1-59-*.mata;ERR;ERR;ERR;ERR;ERR;ERR;ERR;ERR;ERR;ERR;ERR
/home/experiments/nfa-bench/benchmarks/bool_comb/intersect/exppaths1-6-*.mata;ERR;ERR;ERR;ERR;ERR;ERR;ERR;ERR;ERR;ERR;ERR
/home/experiments/nfa-bench/benchmarks/bool_comb/intersect/exppaths1-60-*.mata;ERR;ERR;ERR;ERR;ERR;ERR;ERR;ERR;ERR;ERR;ERR
/home/experiments/nfa-bench/benchmarks/bool_comb/intersect/exppaths1-7-*.mata;ERR;ERR;ERR;ERR;ERR;ERR;ERR;ERR;ERR;ERR;ERR
/home/experiments/nfa-bench/benchmarks/bool_comb/intersect/exppaths1-8-*.mata;ERR;ERR;ERR;ERR;ERR;ERR;ERR;ERR;ERR;ERR;ERR
/home/experiments/nfa-bench/benchmarks/bool_comb/intersect/exppaths1-9-*.mata;ERR;ERR;ERR;ERR;ERR;ERR;ERR;ERR;ERR;ERR;ERR
/home/experiments/nfa-bench/benchmarks/bool_comb/intersect/exppaths2-10-*.mata;ERR;ERR;ERR;ERR;ERR;ERR;ERR;ERR;ERR;ERR;ERR
/home/experiments/nfa-bench/benchmarks/bool_comb/intersect/exppaths2-11-*.mata;ERR;ERR;ERR;ERR;ERR;ERR;ERR;ERR;ERR;ERR;ERR
/home/experiments/nfa-bench/benchmarks/bool_comb/intersect/exppaths2-12-*.mata;ERR;ERR;ERR;ERR;ERR;ERR;ERR;ERR;ERR;ERR;ERR
/home/experiments/nfa-bench/benchmarks/bool_comb/intersect/exppaths2-13-*.mata;ERR;ERR;ERR;ERR;ERR;ERR;ERR;ERR;ERR;ERR;ERR
/home/experiments/nfa-bench/benchmarks/bool_comb/intersect/exppaths2-14-*.mata;ERR;ERR;ERR;ERR;ERR;ERR;ERR;ERR;ERR;ERR;ERR
/home/experiments/nfa-bench/benchmarks/bool_comb/intersect/exppaths2-15-*.mata;ERR;ERR;ERR;ERR;ERR;ERR;ERR;ERR;ERR;ERR;ERR
/home/experiments/nfa-bench/benchmarks/bool_comb/intersect/exppaths2-16-*.mata;ERR;ERR;ERR;ERR;ERR;ERR;ERR;ERR;ERR;ERR;ERR
/home/experiments/nfa-bench/benchmarks/bool_comb/intersect/exppaths2-17-*.mata;ERR;ERR;ERR;ERR;ERR;ERR;ERR;ERR;ERR;ERR;ERR
/home/experiments/nfa-bench/benchmarks/bool_comb/intersect/exppaths2-18-*.mata;ERR;ERR;ERR;ERR;ERR;ERR;ERR;ERR;ERR;ERR;ERR
/home/experiments/nfa-bench/benchmarks/bool_comb/intersect/exppaths2-19-*.mata;ERR;ERR;ERR;ERR;ERR;ERR;ERR;ERR;ERR;ERR;ERR
/home/experiments/nfa-bench/benchmarks/bool_comb/intersect/exppaths2-2-*.mata;ERR;ERR;ERR;ERR;ERR;ERR;ERR;ERR;ERR;ERR;ERR
/home/experiments/nfa-bench/benchmarks/bool_comb/intersect/exppaths2-20-*.mata;ERR;ERR;ERR;ERR;ERR;ERR;ERR;ERR;ERR;ERR;ERR
/home/experiments/nfa-bench/benchmarks/bool_comb/intersect/exppaths2-21-*.mata;ERR;ERR;ERR;ERR;ERR;ERR;ERR;ERR;ERR;ERR;ERR
/home/experiments/nfa-bench/benchmarks/bool_comb/intersect/exppaths2-22-*.mata;ERR;ERR;ERR;ERR;ERR;ERR;ERR;ERR;ERR;ERR;ERR
/home/experiments/nfa-bench/benchmarks/bool_comb/intersect/exppaths2-23-*.mata;ERR;ERR;ERR;ERR;ERR;ERR;ERR;ERR;ERR;ERR;ERR
/home/experiments/nfa-bench/benchmarks/bool_comb/intersect/exppaths2-24-*.mata;ERR;ERR;ERR;ERR;ERR;ERR;ERR;ERR;ERR;ERR;ERR
/home/experiments/nfa-bench/benchmarks/bool_comb/intersect/exppaths2-25-*.mata;ERR;ERR;ERR;ERR;ERR;ERR;ERR;ERR;ERR;ERR;ERR
/home/experiments/nfa-bench/benchmarks/bool_comb/intersect/exppaths2-26-*.mata;ERR;ERR;ERR;ERR;ERR;ERR;ERR;ERR;ERR;ERR;ERR
/home/experiments/nfa-bench/benchmarks/bool_comb/intersect/exppaths2-27-*.mata;ERR;ERR;ERR;ERR;ERR;ERR;ERR;ERR;ERR;ERR;ERR
/home/experiments/nfa-bench/benchmarks/bool_comb/intersect/exppaths2-28-*.mata;ERR;ERR;ERR;ERR;ERR;ERR;ERR;ERR;ERR;ERR;ERR
/home/experiments/nfa-bench/benchmarks/bool_comb/intersect/exppaths2-29-*.mata;ERR;ERR;ERR;ERR;ERR;ERR;ERR;ERR;ERR;ERR;ERR
/home/experiments/nfa-bench/benchmarks/bool_comb/intersect/exppaths2-3-*.mata;ERR;ERR;ERR;ERR;ERR;ERR;ERR;ERR;ERR;ERR;ERR
/home/experiments/nfa-bench/benchmarks/bool_comb/intersect/exppaths2-30-*.mata;ERR;ERR;ERR;ERR;ERR;ERR;ERR;ERR;ERR;ERR;ERR
/home/experiments/nfa-bench/benchmarks/bool_comb/intersect/exppaths2-31-*.mata;ERR;ERR;ERR;ERR;ERR;ERR;ERR;ERR;ERR;ERR;ERR
/home/experiments/nfa-bench/benchmarks/bool_comb/intersect/exppaths2-32-*.mata;ERR;ERR;ERR;ERR;ERR;ERR;ERR;ERR;ERR;ERR;ERR
/home/experiments/nfa-bench/benchmarks/bool_comb/intersect/exppaths2-33-*.mata;ERR;ERR;ERR;ERR;ERR;ERR;ERR;ERR;ERR;ERR;ERR
/home/experiments/nfa-bench/benchmarks/bool_comb/intersect/exppaths2-34-*.mata;ERR;ERR;ERR;ERR;ERR;ERR;ERR;ERR;ERR;ERR;ERR
/home/experiments/nfa-bench/benchmarks/bool_comb/intersect/exppaths2-35-*.mata;ERR;ERR;ERR;ERR;ERR;ERR;ERR;ERR;ERR;ERR;ERR
/home/experiments/nfa-bench/benchmarks/bool_comb/intersect/exppaths2-36-*.mata;ERR;ERR;ERR;ERR;ERR;ERR;ERR;ERR;ERR;ERR;ERR
/home/experiments/nfa-bench/benchmarks/bool_comb/intersect/exppaths2-37-*.mata;ERR;ERR;ERR;ERR;ERR;ERR;ERR;ERR;ERR;ERR;ERR
/home/experiments/nfa-bench/benchmarks/bool_comb/intersect/exppaths2-38-*.mata;ERR;ERR;ERR;ERR;ERR;ERR;ERR;ERR;ERR;ERR;ERR
/home/experiments/nfa-bench/benchmarks/bool_comb/intersect/exppaths2-39-*.mata;ERR;ERR;ERR;ERR;ERR;ERR;ERR;ERR;ERR;ERR;ERR
/home/experiments/nfa-bench/benchmarks/bool_comb/intersect/exppaths2-4-*.mata;ERR;ERR;ERR;ERR;ERR;ERR;ERR;ERR;ERR;ERR;ERR
/home/experiments/nfa-bench/benchmarks/bool_comb/intersect/exppaths2-40-*.mata;ERR;ERR;ERR;ERR;ERR;ERR;ERR;ERR;ERR;ERR;ERR
/home/experiments/nfa-bench/benchmarks/bool_comb/intersect/exppaths2-41-*.mata;ERR;ERR;ERR;ERR;ERR;ERR;ERR;ERR;ERR;ERR;ERR
/home/experiments/nfa-bench/benchmarks/bool_comb/intersect/exppaths2-42-*.mata;ERR;ERR;ERR;ERR;ERR;ERR;ERR;ERR;ERR;ERR;ERR
/home/experiments/nfa-bench/benchmarks/bool_comb/intersect/exppaths2-43-*.mata;ERR;ERR;ERR;ERR;ERR;ERR;ERR;ERR;ERR;ERR;ERR
/home/experiments/nfa-bench/benchmarks/bool_comb/intersect/exppaths2-44-*.mata;ERR;ERR;ERR;ERR;ERR;ERR;ERR;ERR;ERR;ERR;ERR
/home/experiments/nfa-bench/benchmarks/bool_comb/intersect/exppaths2-45-*.mata;ERR;ERR;ERR;ERR;ERR;ERR;ERR;ERR;ERR;ERR;ERR
/home/experiments/nfa-bench/benchmarks/bool_comb/intersect/exppaths2-46-*.mata;ERR;ERR;ERR;ERR;ERR;ERR;ERR;ERR;ERR;ERR;ERR
/home/experiments/nfa-bench/benchmarks/bool_comb/intersect/exppaths2-47-*.mata;ERR;ERR;ERR;ERR;ERR;ERR;ERR;ERR;ERR;ERR;ERR
/home/experiments/nfa-bench/benchmarks/bool_comb/intersect/exppaths2-48-*.mata;ERR;ERR;ERR;ERR;ERR;ERR;ERR;ERR;ERR;ERR;ERR
/home/experiments/nfa-bench/benchmarks/bool_comb/intersect/exppaths2-49-*.mata;ERR;ERR;ERR;ERR;ERR;ERR;ERR;ERR;ERR;ERR;ERR
/home/experiments/nfa-bench/benchmarks/bool_comb/intersect/exppaths2-5-*.mata;ERR;ERR;ERR;ERR;ERR;ERR;ERR;ERR;ERR;ERR;ERR
/home/experiments/nfa-bench/benchmarks/bool_comb/intersect/exppaths2-50-*.mata;ERR;ERR;ERR;ERR;ERR;ERR;ERR;ERR;ERR;ERR;ERR
/home/experiments/nfa-bench/benchmarks/bool_comb/intersect/exppaths2-51-*.mata;ERR;ERR;ERR;ERR;ERR;ERR;ERR;ERR;ERR;ERR;ERR
/home/experiments/nfa-bench/benchmarks/bool_comb/intersect/exppaths2-52-*.mata;ERR;ERR;ERR;ERR;ERR;ERR;ERR;ERR;ERR;ERR;ERR
/home/experiments/nfa-bench/benchmarks/bool_comb/intersect/exppaths2-53-*.mata;ERR;ERR;ERR;ERR;ERR;ERR;ERR;ERR;ERR;ERR;ERR
/home/experiments/nfa-bench/benchmarks/bool_comb/intersect/exppaths2-54-*.mata;ERR;ERR;ERR;ERR;ERR;ERR;ERR;ERR;ERR;ERR;ERR
/home/experiments/nfa-bench/benchmarks/bool_comb/intersect/exppaths2-55-*.mata;ERR;ERR;ERR;ERR;ERR;ERR;ERR;ERR;ERR;ERR;ERR
/home/experiments/nfa-bench/benchmarks/bool_comb/intersect/exppaths2-56-*.mata;ERR;ERR;ERR;ERR;ERR;ERR;ERR;ERR;ERR;ERR;ERR
/home/experiments/nfa-bench/benchmarks/bool_comb/intersect/exppaths2-57-*.mata;ERR;ERR;ERR;ERR;ERR;ERR;ERR;ERR;ERR;ERR;ERR
/home/experiments/nfa-bench/benchmarks/bool_comb/intersect/exppaths2-58-*.mata;ERR;ERR;ERR;ERR;ERR;ERR;ERR;ERR;ERR;ERR;ERR
/home/experiments/nfa-bench/benchmarks/bool_comb/intersect/exppaths2-59-*.mata;ERR;ERR;ERR;ERR;ERR;ERR;ERR;ERR;ERR;ERR;ERR
/home/experiments/nfa-bench/benchmarks/bool_comb/intersect/exppaths2-6-*.mata;ERR;ERR;ERR;ERR;ERR;ERR;ERR;ERR;ERR;ERR;ERR
/home/experiments/nfa-bench/benchmarks/bool_comb/intersect/exppaths2-60-*.mata;ERR;ERR;ERR;ERR;ERR;ERR;ERR;ERR;ERR;ERR;ERR
/home/experiments/nfa-bench/benchmarks/bool_comb/intersect/exppaths2-7-*.mata;ERR;ERR;ERR;ERR;ERR;ERR;ERR;ERR;ERR;ERR;ERR
/home/experiments/nfa-bench/benchmarks/bool_comb/intersect/exppaths2-8-*.mata;ERR;ERR;ERR;ERR;ERR;ERR;ERR;ERR;ERR;ERR;ERR
/home/experiments/nfa-bench/benchmarks/bool_comb/intersect/exppaths2-9-*.mata;ERR;ERR;ERR;ERR;ERR;ERR;ERR;ERR;ERR;ERR;ERR
/home/experiments/nfa-bench/benchmarks/bool_comb/intersect/longstrings-100-*.mata;ERR;ERR;ERR;ERR;ERR;ERR;ERR;ERR;ERR;ERR;ERR
/home/experiments/nfa-bench/benchmarks/bool_comb/intersect/longstrings-150-*.mata;ERR;ERR;ERR;ERR;ERR;ERR;ERR;ERR;ERR;ERR;ERR
/home/experiments/nfa-bench/benchmarks/bool_comb/intersect/longstrings-200-*.mata;ERR;ERR;ERR;ERR;ERR;ERR;ERR;ERR;ERR;ERR;ERR
/home/experiments/nfa-bench/benchmarks/bool_comb/intersect/longstrings-250-*.mata;ERR;ERR;ERR;ERR;ERR;ERR;ERR;ERR;ERR;ERR;ERR
/home/experiments/nfa-bench/benchmarks/bool_comb/intersect/longstrings-300-*.mata;ERR;ERR;ERR;ERR;ERR;ERR;ERR;ERR;ERR;ERR;ERR
/home/experiments/nfa-bench/benchmarks/bool_comb/intersect/longstrings-350-*.mata;ERR;ERR;ERR;ERR;ERR;ERR;ERR;ERR;ERR;ERR;ERR
/home/experiments/nfa-bench/benchmarks/bool_comb/intersect/longstrings-400-*.mata;ERR;ERR;ERR;ERR;ERR;ERR;ERR;ERR;ERR;ERR;ERR
/home/experiments/nfa-bench/benchmarks/bool_comb/intersect/longstrings-450-*.mata;ERR;ERR;ERR;ERR;ERR;ERR;ERR;ERR;ERR;ERR;ERR
/home/experiments/nfa-bench/benchmarks/bool_comb/intersect/longstrings-50-*.mata;ERR;ERR;ERR;ERR;ERR;ERR;ERR;ERR;ERR;ERR;ERR
/home/experiments/nfa-bench/benchmarks/bool_comb/intersect/longstrings-500-*.mata;ERR;ERR;ERR;ERR;ERR;ERR;ERR;ERR;ERR;ERR;ERR
