name;automata-old-runtime;automata-old-construction;automata-old-trim;automata-old-uni;automata-old-emptiness_check;automata-old-emptiness_result;automata-old-interpretation;automata-old-overall;automata-min-runtime;automata-min-construction;automata-min-trim;automata-min-uni;automata-min-emptiness_check;automata-min-emptiness_result;automata-min-interpretation;automata-min-overall;java-automatalib-runtime;java-automatalib-construction
/home/experiments/nfa-bench/benchmarks/bool_comb/cox/diff_sat-50-lhs.mata,/home/experiments/nfa-bench/benchmarks/bool_comb/cox/diff_sat-50-rhs.mata;0.12;0.1272036;0.009229600000000001; 0.0073293000; 0.0001804000; False; 0.0193457000; 0.1973408000;0.69;0.0430525;0.0073449; 0.0058551000; 0.0002157000; False; 0.0153391000; 0.1448267000;TO;0.04755087
/home/experiments/nfa-bench/benchmarks/bool_comb/cox/diff_sat-100-lhs.mata,/home/experiments/nfa-bench/benchmarks/bool_comb/cox/diff_sat-100-rhs.mata;0.15;0.1432791;0.0093922; 0.0072137000; 0.0001884000; False; 0.0193619000; 0.2043036000;0.86;0.0430947;0.0094308; 0.0082414000; 0.0002611000; False; 0.0197886000; 0.1440602000;TO;0.069706235
/home/experiments/nfa-bench/benchmarks/bool_comb/cox/diff_sat-1000-lhs.mata,/home/experiments/nfa-bench/benchmarks/bool_comb/cox/diff_sat-1000-rhs.mata;0.34;0.2653201;0.014784799999999999; 0.0146429000; 0.0003539000; False; 0.0326201000; 0.3410339000;1.52;0.0680274;0.011220899999999999; 0.0206012000; 0.0003229000; False; 0.0344183000; 0.1662168000;TO;0.11218557600000001
/home/experiments/nfa-bench/benchmarks/bool_comb/cox/diff_sat-150-lhs.mata,/home/experiments/nfa-bench/benchmarks/bool_comb/cox/diff_sat-150-rhs.mata;0.15;0.08361120000000001;0.0094587; 0.0080885000; 0.0002369000; False; 0.0204678000; 0.1484654000;0.9;0.0266066;0.0067364; 0.0052412000; 0.0001487000; False; 0.0149170000; 0.0769806000;TO;0.06708765
/home/experiments/nfa-bench/benchmarks/bool_comb/cox/diff_sat-200-lhs.mata,/home/experiments/nfa-bench/benchmarks/bool_comb/cox/diff_sat-200-rhs.mata;0.17;0.11243819999999999;0.0097028; 0.0128153000; 0.0003422000; False; 0.0344145000; 0.1901123000;1.03;0.045208;0.0105773; 0.0087633000; 0.0003288000; False; 0.0224660000; 0.1262052000;TO;0.065318748
/home/experiments/nfa-bench/benchmarks/bool_comb/cox/diff_sat-250-lhs.mata,/home/experiments/nfa-bench/benchmarks/bool_comb/cox/diff_sat-250-rhs.mata;0.12;0.0740225;0.009456299999999999; 0.0064318000; 0.0002536000; False; 0.0180921000; 0.1218497000;0.97;0.051401999999999996;0.0067154; 0.0056053000; 0.0001887000; False; 0.0143229000; 0.1046834000;TO;0.077858009
/home/experiments/nfa-bench/benchmarks/bool_comb/cox/diff_sat-300-lhs.mata,/home/experiments/nfa-bench/benchmarks/bool_comb/cox/diff_sat-300-rhs.mata;0.15;0.0863774;0.0195317; 0.0200840000; 0.0003593000; False; 0.0454241000; 0.1670727000;1.11;0.0658694;0.0109989; 0.0095953000; 0.0003554000; False; 0.0237003000; 0.1737799000;TO;0.05764388
/home/experiments/nfa-bench/benchmarks/bool_comb/cox/diff_sat-350-lhs.mata,/home/experiments/nfa-bench/benchmarks/bool_comb/cox/diff_sat-350-rhs.mata;0.2;0.17087580000000002;0.0105849; 0.0092418000; 0.0003012000; False; 0.0228133000; 0.2402231000;1.15;0.053921;0.0111342; 0.0104106000; 0.0003221000; False; 0.0246763000; 0.1377232000;TO;0.070316955
/home/experiments/nfa-bench/benchmarks/bool_comb/cox/diff_sat-400-lhs.mata,/home/experiments/nfa-bench/benchmarks/bool_comb/cox/diff_sat-400-rhs.mata;0.21;0.18568590000000001;0.0142016; 0.0099806000; 0.0003798000; False; 0.0275969000; 0.2777832000;1.16;0.0619944;0.0068622; 0.0060613000; 0.0001999000; False; 0.0150099000; 0.1444700000;TO;0.064726884
/home/experiments/nfa-bench/benchmarks/bool_comb/cox/diff_sat-450-lhs.mata,/home/experiments/nfa-bench/benchmarks/bool_comb/cox/diff_sat-450-rhs.mata;0.2;0.1457275;0.0128681; 0.0113409000; 0.0003736000; False; 0.0279193000; 0.2410073000;1.12;0.05744;0.0124014; 0.0101674000; 0.0096477000; False; 0.0343149000; 0.1433833000;TO;0.099974596
/home/experiments/nfa-bench/benchmarks/bool_comb/cox/diff_sat-500-lhs.mata,/home/experiments/nfa-bench/benchmarks/bool_comb/cox/diff_sat-500-rhs.mata;0.25;0.23001680000000002;0.013797; 0.0158092000; 0.0003536000; False; 0.0341472000; 0.3136187000;1.21;0.0787534;0.0139501; 0.0186482000; 0.0002518000; False; 0.0358948000; 0.1883710000;TO;0.10067130799999999
/home/experiments/nfa-bench/benchmarks/bool_comb/cox/diff_sat-550-lhs.mata,/home/experiments/nfa-bench/benchmarks/bool_comb/cox/diff_sat-550-rhs.mata;0.14;0.09621590000000001;0.0089047; 0.0093259000; 0.0004065000; False; 0.0206600000; 0.1455655000;1.34;0.06505520000000001;0.0110682; 0.0112788000; 0.0003859000; False; 0.0253865000; 0.1513976000;TO;0.101060808
/home/experiments/nfa-bench/benchmarks/bool_comb/cox/diff_sat-600-lhs.mata,/home/experiments/nfa-bench/benchmarks/bool_comb/cox/diff_sat-600-rhs.mata;0.29;0.20422010000000002;0.013456199999999998; 0.0178118000; 0.0004035000; False; 0.0347421000; 0.2893832000;1.11;0.0708383;0.0127245; 0.0119137000; 0.0003512000; False; 0.0279757000; 0.1612950000;TO;0.116721562
/home/experiments/nfa-bench/benchmarks/bool_comb/cox/diff_sat-650-lhs.mata,/home/experiments/nfa-bench/benchmarks/bool_comb/cox/diff_sat-650-rhs.mata;0.19;0.1357457;0.012445; 0.0116871000; 0.0003754000; False; 0.0275220000; 0.1935213000;1.46;0.0877701;0.0113649; 0.0069154000; 0.0002419000; False; 0.0214190000; 0.1947630000;TO;0.107664136
/home/experiments/nfa-bench/benchmarks/bool_comb/cox/diff_sat-700-lhs.mata,/home/experiments/nfa-bench/benchmarks/bool_comb/cox/diff_sat-700-rhs.mata;0.3;0.2831838;0.0183538; 0.0126320000; 0.0003523000; False; 0.0342736000; 0.3646594000;1.43;0.0637323;0.0088431; 0.0076933000; 0.0002566000; False; 0.0189020000; 0.1230002000;TO;0.18698842
/home/experiments/nfa-bench/benchmarks/bool_comb/cox/diff_sat-750-lhs.mata,/home/experiments/nfa-bench/benchmarks/bool_comb/cox/diff_sat-750-rhs.mata;0.19;0.14471610000000001;0.008868000000000001; 0.0234041000; 0.0004763000; False; 0.0349781000; 0.2246204000;1.51;0.0701413;0.0130848; 0.0122615000; 0.0003596000; False; 0.0285429000; 0.1674081000;TO;0.138530394
/home/experiments/nfa-bench/benchmarks/bool_comb/cox/diff_sat-800-lhs.mata,/home/experiments/nfa-bench/benchmarks/bool_comb/cox/diff_sat-800-rhs.mata;0.3;0.2611178;0.0157992; 0.0140084000; 0.0004387000; False; 0.0334794000; 0.3482531000;1.3;0.06728200000000001;0.016280700000000002; 0.0129357000; 0.0004107000; False; 0.0328072000; 0.1464768000;TO;0.080510559
/home/experiments/nfa-bench/benchmarks/bool_comb/cox/diff_sat-850-lhs.mata,/home/experiments/nfa-bench/benchmarks/bool_comb/cox/diff_sat-850-rhs.mata;0.3;0.29303;0.0186424; 0.0103264000; 0.0002530000; False; 0.0380192000; 0.3833892000;1.3;0.050378000000000006;0.010826700000000002; 0.0088452000; 0.0003213000; False; 0.0223535000; 0.1190914000;TO;0.077328411
/home/experiments/nfa-bench/benchmarks/bool_comb/cox/diff_sat-900-lhs.mata,/home/experiments/nfa-bench/benchmarks/bool_comb/cox/diff_sat-900-rhs.mata;0.36;0.3294232;0.0146675; 0.0148424000; 0.0003801000; False; 0.0330865000; 0.4125172000;1.44;0.0808849;0.0152667; 0.0144250000; 0.0003511000; False; 0.0331130000; 0.1825679000;TO;0.132150826
/home/experiments/nfa-bench/benchmarks/bool_comb/cox/diff_sat-950-lhs.mata,/home/experiments/nfa-bench/benchmarks/bool_comb/cox/diff_sat-950-rhs.mata;0.42;0.3911236;0.017006300000000002; 0.0161533000; 0.0003894000; False; 0.0368758000; 0.4828743000;1.77;0.1494094;0.015546; 0.0551395000; 0.0003687000; False; 0.0739891000; 0.3452393000;TO;0.087607313
/home/experiments/nfa-bench/benchmarks/bool_comb/cox/diff_unsat-100-lhs.mata,/home/experiments/nfa-bench/benchmarks/bool_comb/cox/diff_unsat-100-rhs.mata;0.15;0.09072749999999999;0.021307; 0.0075013000; 0.0001974000; False; 0.0315155000; 0.1784137000;0.99;0.027074599999999997;0.0066376000000000004; 0.0059666000; 0.0001517000; False; 0.0146339000; 0.0857986000;TO;0.048281318000000004
/home/experiments/nfa-bench/benchmarks/bool_comb/cox/diff_unsat-1000-lhs.mata,/home/experiments/nfa-bench/benchmarks/bool_comb/cox/diff_unsat-1000-rhs.mata;0.22;0.18651269999999998;0.011476299999999998; 0.0087014000; 0.0003878000; False; 0.0228915000; 0.2654160000;1.34;0.0629596;0.0089174; 0.0159741000; 0.0002441000; False; 0.0269613000; 0.1460233000;TO;0.127638576
/home/experiments/nfa-bench/benchmarks/bool_comb/cox/diff_unsat-150-lhs.mata,/home/experiments/nfa-bench/benchmarks/bool_comb/cox/diff_unsat-150-rhs.mata;0.1;0.07255120000000001;0.0061932; 0.0051225000; 0.0001314000; False; 0.0132965000; 0.1141017000;0.92;0.0479093;0.011660799999999999; 0.0094330000; 0.0003784000; False; 0.0245652000; 0.1308851000;TO;0.053883373
/home/experiments/nfa-bench/benchmarks/bool_comb/cox/diff_unsat-200-lhs.mata,/home/experiments/nfa-bench/benchmarks/bool_comb/cox/diff_unsat-200-rhs.mata;0.15;0.0818114;0.0078033; 0.0085737000; 0.0002788000; False; 0.0190874000; 0.1676420000;0.86;0.0328867;0.0290399; 0.0331232000; 0.0003730000; False; 0.0660860000; 0.1451006000;TO;0.065148952
/home/experiments/nfa-bench/benchmarks/bool_comb/cox/diff_unsat-250-lhs.mata,/home/experiments/nfa-bench/benchmarks/bool_comb/cox/diff_unsat-250-rhs.mata;0.15;0.1027678;0.0102843; 0.0091608000; 0.0003576000; False; 0.0228503000; 0.1606311000;1.26;0.0918646;0.011235799999999999; 0.0094891000; 0.0003425000; False; 0.0238260000; 0.1762577000;TO;0.083256887
/home/experiments/nfa-bench/benchmarks/bool_comb/cox/diff_unsat-300-lhs.mata,/home/experiments/nfa-bench/benchmarks/bool_comb/cox/diff_unsat-300-rhs.mata;0.19;0.1216923;0.0108659; 0.0114571000; 0.0003091000; False; 0.0254511000; 0.1935229000;1.15;0.0500845;0.011433800000000001; 0.0100590000; 0.0003719000; False; 0.0246825000; 0.1312485000;TO;0.088980172
/home/experiments/nfa-bench/benchmarks/bool_comb/cox/diff_unsat-350-lhs.mata,/home/experiments/nfa-bench/benchmarks/bool_comb/cox/diff_unsat-350-rhs.mata;0.22;0.145002;0.0118577; 0.0106492000; 0.0004204000; False; 0.0260802000; 0.2371630000;1.24;0.1055647;0.0122078; 0.0105245000; 0.0004457000; False; 0.0266897000; 0.2015113000;TO;0.11881334600000001
/home/experiments/nfa-bench/benchmarks/bool_comb/cox/diff_unsat-400-lhs.mata,/home/experiments/nfa-bench/benchmarks/bool_comb/cox/diff_unsat-400-rhs.mata;0.24;0.1635683;0.0123756; 0.0146942000; 0.0004059000; False; 0.0306449000; 0.2418896000;1.13;0.0577003;0.0118802; 0.0102926000; 0.0003487000; False; 0.0257881000; 0.1399950000;TO;0.100015597
/home/experiments/nfa-bench/benchmarks/bool_comb/cox/diff_unsat-450-lhs.mata,/home/experiments/nfa-bench/benchmarks/bool_comb/cox/diff_unsat-450-rhs.mata;0.22;0.1708104;0.011502199999999999; 0.0104839000; 0.0003324000; False; 0.0251293000; 0.2378459000;1.21;0.0560556;0.0161666; 0.0238993000; 0.0003669000; False; 0.0433766000; 0.1900293000;TO;0.079347194
/home/experiments/nfa-bench/benchmarks/bool_comb/cox/diff_unsat-50-lhs.mata,/home/experiments/nfa-bench/benchmarks/bool_comb/cox/diff_unsat-50-rhs.mata;0.14;0.0678043;0.0099831; 0.0082057000; 0.0002504000; False; 0.0212933000; 0.1368167000;0.95;0.0407061;0.0091767; 0.0071155000; 0.0001644000; False; 0.0189185000; 0.1157688000;TO;0.036252883
/home/experiments/nfa-bench/benchmarks/bool_comb/cox/diff_unsat-500-lhs.mata,/home/experiments/nfa-bench/benchmarks/bool_comb/cox/diff_unsat-500-rhs.mata;0.24;0.2480651;0.0210529; 0.0126865000; 0.0004165000; False; 0.0361094000; 0.3605826000;1.28;0.1077467;0.012143000000000001; 0.0111371000; 0.0003661000; False; 0.0264660000; 0.2165488000;TO;0.085283855
/home/experiments/nfa-bench/benchmarks/bool_comb/cox/diff_unsat-550-lhs.mata,/home/experiments/nfa-bench/benchmarks/bool_comb/cox/diff_unsat-550-rhs.mata;0.25;0.1798091;0.012465599999999999; 0.0115155000; 0.0003649000; False; 0.0273076000; 0.3119056000;1.42;0.07083400000000001;0.0138544; 0.0117241000; 0.0004042000; False; 0.0289605000; 0.1645786000;TO;0.246426622
/home/experiments/nfa-bench/benchmarks/bool_comb/cox/diff_unsat-600-lhs.mata,/home/experiments/nfa-bench/benchmarks/bool_comb/cox/diff_unsat-600-rhs.mata;0.28;0.20822849999999998;0.0147089; 0.0193139000; 0.0004717000; False; 0.0381726000; 0.2929776000;1.44;0.1151935;0.014638199999999999; 0.0110482000; 0.0029586000; False; 0.0314679000; 0.2172603000;TO;0.07067109099999999
/home/experiments/nfa-bench/benchmarks/bool_comb/cox/diff_unsat-650-lhs.mata,/home/experiments/nfa-bench/benchmarks/bool_comb/cox/diff_unsat-650-rhs.mata;0.25;0.2085532;0.0120096; 0.0115241000; 0.0003824000; False; 0.0265821000; 0.2726000000;1.4;0.0436596;0.0073403999999999995; 0.0065181000; 0.0002186000; False; 0.0159108000; 0.1196667000;TO;0.10207266799999999
/home/experiments/nfa-bench/benchmarks/bool_comb/cox/diff_unsat-700-lhs.mata,/home/experiments/nfa-bench/benchmarks/bool_comb/cox/diff_unsat-700-rhs.mata;0.18;0.11790519999999999;0.0108032; 0.0066881000; 0.0002524000; False; 0.0197009000; 0.1875998000;1.39;0.0741112;0.014868100000000002; 0.0129456000; 0.0003795000; False; 0.0347008000; 0.1820294000;TO;0.114727428
/home/experiments/nfa-bench/benchmarks/bool_comb/cox/diff_unsat-750-lhs.mata,/home/experiments/nfa-bench/benchmarks/bool_comb/cox/diff_unsat-750-rhs.mata;0.19;0.1468362;0.0097088; 0.0138478000; 0.0003646000; False; 0.0260258000; 0.2232032000;1.58;0.0989726;0.013396600000000002; 0.0127675000; 0.0004101000; False; 0.0295925000; 0.1926301000;TO;0.076378878
/home/experiments/nfa-bench/benchmarks/bool_comb/cox/diff_unsat-800-lhs.mata,/home/experiments/nfa-bench/benchmarks/bool_comb/cox/diff_unsat-800-rhs.mata;0.34;0.2472312;0.0172994; 0.0153847000; 0.0004158000; False; 0.0374336000; 0.3820774000;1.47;0.0743457;0.013854900000000002; 0.0127746000; 0.0003968000; False; 0.0300370000; 0.1686707000;TO;0.10389034899999999
/home/experiments/nfa-bench/benchmarks/bool_comb/cox/diff_unsat-850-lhs.mata,/home/experiments/nfa-bench/benchmarks/bool_comb/cox/diff_unsat-850-rhs.mata;0.37;0.3542276;0.0162058; 0.0151299000; 0.0004526000; False; 0.0352272000; 0.4559269000;1.83;0.0950519;0.0174081; 0.0351844000; 0.0004315000; False; 0.0566535000; 0.2220378000;TO;0.08433779599999999
/home/experiments/nfa-bench/benchmarks/bool_comb/cox/diff_unsat-900-lhs.mata,/home/experiments/nfa-bench/benchmarks/bool_comb/cox/diff_unsat-900-rhs.mata;0.36;0.2799856;0.0144308; 0.0151469000; 0.0003624000; False; 0.0329339000; 0.3597799000;1.6;0.12273919999999999;0.015499200000000001; 0.0140214000; 0.0003879000; False; 0.0328907000; 0.2041997000;TO;0.118655803
/home/experiments/nfa-bench/benchmarks/bool_comb/cox/diff_unsat-950-lhs.mata,/home/experiments/nfa-bench/benchmarks/bool_comb/cox/diff_unsat-950-rhs.mata;0.32;0.2929915;0.0153715; 0.0146797000; 0.0003987000; False; 0.0333285000; 0.3718304000;1.59;0.07206950000000001;0.0095871; 0.0169976000; 0.0003181000; False; 0.0291778000; 0.1433785000;TO;0.137309703
/home/experiments/nfa-bench/benchmarks/bool_comb/cox/inter_sat-100-lhs.mata,/home/experiments/nfa-bench/benchmarks/bool_comb/cox/inter_sat-100-rhs.mata;0.16;0.0979705;0.0104482; 0.0083129000; 0.0002200000; False; 0.0217710000; 0.1701620000;0.99;0.0519426;0.0097551; 0.0081849000; 0.0002745000; False; 0.0212061000; 0.1342805000;TO;0.089436913
/home/experiments/nfa-bench/benchmarks/bool_comb/cox/inter_sat-1000-lhs.mata,/home/experiments/nfa-bench/benchmarks/bool_comb/cox/inter_sat-1000-rhs.mata;0.28;0.2224082;0.0157808; 0.0157683000; 0.0003647000; False; 0.0348770000; 0.2863447000;1.59;0.0998384;0.030371000000000002; 0.0308959000; 0.0003684000; False; 0.0647750000; 0.2424684000;TO;0.124182086
/home/experiments/nfa-bench/benchmarks/bool_comb/cox/inter_sat-150-lhs.mata,/home/experiments/nfa-bench/benchmarks/bool_comb/cox/inter_sat-150-rhs.mata;0.17;0.1391767;0.0109137; 0.0089082000; 0.0002989000; False; 0.0231757000; 0.2482187000;1.22;0.0480299;0.011216799999999999; 0.0091396000; 0.0003449000; False; 0.0236624000; 0.1330652000;TO;0.097913538
/home/experiments/nfa-bench/benchmarks/bool_comb/cox/inter_sat-200-lhs.mata,/home/experiments/nfa-bench/benchmarks/bool_comb/cox/inter_sat-200-rhs.mata;0.12;0.070034;0.011124299999999998; 0.0114646000; 0.0004236000; False; 0.0261505000; 0.1257775000;1.17;0.0529724;0.012316; 0.0099205000; 0.0004727000; False; 0.0264094000; 0.1479109000;TO;0.054847349999999996
/home/experiments/nfa-bench/benchmarks/bool_comb/cox/inter_sat-250-lhs.mata,/home/experiments/nfa-bench/benchmarks/bool_comb/cox/inter_sat-250-rhs.mata;0.21;0.1677051;0.0107168; 0.0091643000; 0.0003668000; False; 0.0231345000; 0.2429467000;1.15;0.0499057;0.0114113; 0.0099362000; 0.0003714000; False; 0.0252030000; 0.1723719000;TO;0.071085945
/home/experiments/nfa-bench/benchmarks/bool_comb/cox/inter_sat-300-lhs.mata,/home/experiments/nfa-bench/benchmarks/bool_comb/cox/inter_sat-300-rhs.mata;0.2;0.1838469;0.0112452; 0.0121544000; 0.0004008000; False; 0.0270162000; 0.2717806000;1.12;0.0536776;0.022158900000000002; 0.0103151000; 0.0003912000; False; 0.0357153000; 0.1630011000;TO;0.105457798
/home/experiments/nfa-bench/benchmarks/bool_comb/cox/inter_sat-350-lhs.mata,/home/experiments/nfa-bench/benchmarks/bool_comb/cox/inter_sat-350-rhs.mata;0.24;0.1541586;0.0128053; 0.0563803000; 0.0003347000; False; 0.0729942000; 0.2792607000;1.28;0.0570169;0.0124351; 0.0108587000; 0.0003741000; False; 0.0267585000; 0.1479007000;TO;0.068094975
/home/experiments/nfa-bench/benchmarks/bool_comb/cox/inter_sat-400-lhs.mata,/home/experiments/nfa-bench/benchmarks/bool_comb/cox/inter_sat-400-rhs.mata;0.24;0.2232378;0.0143088; 0.0103886000; 0.0003611000; False; 0.0281977000; 0.3017553000;1.28;0.0542946;0.0072575999999999995; 0.0064435000; 0.0002367000; False; 0.0158650000; 0.1577513000;TO;0.110118623
/home/experiments/nfa-bench/benchmarks/bool_comb/cox/inter_sat-450-lhs.mata,/home/experiments/nfa-bench/benchmarks/bool_comb/cox/inter_sat-450-rhs.mata;0.23;0.1583961;0.011842400000000001; 0.0106745000; 0.0003792000; False; 0.0257858000; 0.2305376000;1.34;0.06067259999999999;0.0137096; 0.0103613000; 0.0002839000; False; 0.0270128000; 0.1548824000;TO;0.08330321199999999
/home/experiments/nfa-bench/benchmarks/bool_comb/cox/inter_sat-50-lhs.mata,/home/experiments/nfa-bench/benchmarks/bool_comb/cox/inter_sat-50-rhs.mata;0.13;0.0625242;0.009672400000000001; 0.0074770000; 0.0001682000; False; 0.0200139000; 0.1293816000;0.85;0.028600499999999997;0.0076438999999999995; 0.0052155000; 0.0001822000; False; 0.0154036000; 0.1067383000;TO;0.070733733
/home/experiments/nfa-bench/benchmarks/bool_comb/cox/inter_sat-500-lhs.mata,/home/experiments/nfa-bench/benchmarks/bool_comb/cox/inter_sat-500-rhs.mata;0.24;0.1836507;0.0111358; 0.0129031000; 0.0003484000; False; 0.0274429000; 0.2786130000;1.34;0.0663171;0.011504799999999999; 0.0105109000; 0.0003455000; False; 0.0251840000; 0.1887727000;TO;0.095502958
/home/experiments/nfa-bench/benchmarks/bool_comb/cox/inter_sat-550-lhs.mata,/home/experiments/nfa-bench/benchmarks/bool_comb/cox/inter_sat-550-rhs.mata;0.16;0.11459330000000001;0.0072601; 0.0063402000; 0.0002101000; False; 0.0156599000; 0.1607239000;1.07;0.0660899;0.011936; 0.0112381000; 0.0002574000; False; 0.0262345000; 0.1544961000;TO;0.086829775
/home/experiments/nfa-bench/benchmarks/bool_comb/cox/inter_sat-600-lhs.mata,/home/experiments/nfa-bench/benchmarks/bool_comb/cox/inter_sat-600-rhs.mata;0.2;0.16443;0.0089383; 0.0107943000; 0.0002579000; False; 0.0221594000; 0.2720562000;1.12;0.0790846;0.0159901; 0.0122830000; 0.0003854000; False; 0.0322818000; 0.1799110000;TO;0.103395068
/home/experiments/nfa-bench/benchmarks/bool_comb/cox/inter_sat-650-lhs.mata,/home/experiments/nfa-bench/benchmarks/bool_comb/cox/inter_sat-650-rhs.mata;0.18;0.1218195;0.0079258; 0.0078656000; 0.0002379000; False; 0.0179513000; 0.1686653000;1.25;0.08763320000000001;0.0137666; 0.0123265000; 0.0006922000; False; 0.0301112000; 0.2068016000;TO;0.083363412
/home/experiments/nfa-bench/benchmarks/bool_comb/cox/inter_sat-700-lhs.mata,/home/experiments/nfa-bench/benchmarks/bool_comb/cox/inter_sat-700-rhs.mata;0.3;0.21306029999999998;0.0188508; 0.0126772000; 0.0004200000; False; 0.0349761000; 0.2948110000;1.47;0.0964609;0.0139135; 0.0127370000; 0.0003712000; False; 0.0300738000; 0.2038049000;TO;0.142451693
/home/experiments/nfa-bench/benchmarks/bool_comb/cox/inter_sat-750-lhs.mata,/home/experiments/nfa-bench/benchmarks/bool_comb/cox/inter_sat-750-rhs.mata;0.33;0.2412612;0.016678; 0.0165293000; 0.0004176000; False; 0.0370554000; 0.3268335000;1.57;0.044411;0.009221499999999999; 0.0273082000; 0.0002898000; False; 0.0388035000; 0.1242773000;TO;0.155505522
/home/experiments/nfa-bench/benchmarks/bool_comb/cox/inter_sat-800-lhs.mata,/home/experiments/nfa-bench/benchmarks/bool_comb/cox/inter_sat-800-rhs.mata;0.18;0.1567097;0.0089229; 0.0079344000; 0.0002533000; False; 0.0193058000; 0.2077536000;1.17;0.0966945;0.0143963; 0.0132537000; 0.0003724000; False; 0.0310350000; 0.2256350000;TO;0.098966213
/home/experiments/nfa-bench/benchmarks/bool_comb/cox/inter_sat-850-lhs.mata,/home/experiments/nfa-bench/benchmarks/bool_comb/cox/inter_sat-850-rhs.mata;0.34;0.3054631;0.0161445; 0.0249186000; 0.0004017000; False; 0.0444821000; 0.4265534000;1.65;0.0807737;0.015413099999999999; 0.0143246000; 0.0004077000; False; 0.0333934000; 0.2165315000;TO;0.078056008
/home/experiments/nfa-bench/benchmarks/bool_comb/cox/inter_sat-900-lhs.mata,/home/experiments/nfa-bench/benchmarks/bool_comb/cox/inter_sat-900-rhs.mata;0.35;0.2776244;0.01414; 0.0189784000; 0.0003523000; False; 0.0364275000; 0.3642784000;1.62;0.0897696;0.0236731; 0.0296401000; 0.0003715000; False; 0.0655724000; 0.2196858000;TO;0.159072316
/home/experiments/nfa-bench/benchmarks/bool_comb/cox/inter_sat-950-lhs.mata,/home/experiments/nfa-bench/benchmarks/bool_comb/cox/inter_sat-950-rhs.mata;0.37;0.3365126;0.01594; 0.0151477000; 0.0003683000; False; 0.0344981000; 0.4195301000;1.73;0.0853337;0.0163035; 0.0475690000; 0.0004731000; False; 0.0675269000; 0.2384611000;TO;0.142728259
/home/experiments/nfa-bench/benchmarks/bool_comb/cox/inter_unsat-100-lhs.mata,/home/experiments/nfa-bench/benchmarks/bool_comb/cox/inter_unsat-100-rhs.mata;0.13;0.1165834;0.0109541; 0.0087715000; 0.0003057000; False; 0.0230458000; 0.1793554000;1.13;0.0491891;0.011503300000000001; 0.0093490000; 0.0003681000; False; 0.0243681000; 0.1385672000;TO;0.038919633
/home/experiments/nfa-bench/benchmarks/bool_comb/cox/inter_unsat-1000-lhs.mata,/home/experiments/nfa-bench/benchmarks/bool_comb/cox/inter_unsat-1000-rhs.mata;0.39;0.3429426;0.028066100000000004; 0.0286451000; 0.0003940000; False; 0.0601873000; 0.4539977000;1.69;0.1043282;0.0167926; 0.0291367000; 0.0003595000; False; 0.0493643000; 0.2236675000;TO;0.121703188
/home/experiments/nfa-bench/benchmarks/bool_comb/cox/inter_unsat-150-lhs.mata,/home/experiments/nfa-bench/benchmarks/bool_comb/cox/inter_unsat-150-rhs.mata;0.18;0.1122041;0.010207299999999999; 0.0217337000; 0.0002304000; False; 0.0349532000; 0.2076027000;1.1;0.0470549;0.010534499999999999; 0.0090466000; 0.0003361000; False; 0.0228349000; 0.1303168000;TO;0.056925545
/home/experiments/nfa-bench/benchmarks/bool_comb/cox/inter_unsat-200-lhs.mata,/home/experiments/nfa-bench/benchmarks/bool_comb/cox/inter_unsat-200-rhs.mata;0.18;0.1147266;0.010283; 0.0102467000; 0.0003726000; False; 0.0236793000; 0.1876973000;1.08;0.0746618;0.0111286; 0.0091113000; 0.0003052000; False; 0.0233238000; 0.1612232000;TO;0.054289499
/home/experiments/nfa-bench/benchmarks/bool_comb/cox/inter_unsat-250-lhs.mata,/home/experiments/nfa-bench/benchmarks/bool_comb/cox/inter_unsat-250-rhs.mata;0.15;0.0848363;0.0276486; 0.0228960000; 0.0003522000; False; 0.0528777000; 0.2020794000;1.16;0.0355169;0.0075704; 0.0064508000; 0.0002507000; False; 0.0164565000; 0.0920319000;TO;0.048760015999999996
/home/experiments/nfa-bench/benchmarks/bool_comb/cox/inter_unsat-300-lhs.mata,/home/experiments/nfa-bench/benchmarks/bool_comb/cox/inter_unsat-300-rhs.mata;0.12;0.0801365;0.0071443; 0.0087424000; 0.0003248000; False; 0.0184073000; 0.1280385000;1.14;0.0530277;0.011022; 0.0100814000; 0.0003556000; False; 0.0243071000; 0.1403880000;TO;0.078759442
/home/experiments/nfa-bench/benchmarks/bool_comb/cox/inter_unsat-350-lhs.mata,/home/experiments/nfa-bench/benchmarks/bool_comb/cox/inter_unsat-350-rhs.mata;0.21;0.1423838;0.0115544; 0.0100466000; 0.0003549000; False; 0.0249155000; 0.2153078000;1.26;0.0629832;0.0121564; 0.0106961000; 0.0003726000; False; 0.0261494000; 0.1514006000;TO;0.11871084900000001
/home/experiments/nfa-bench/benchmarks/bool_comb/cox/inter_unsat-400-lhs.mata,/home/experiments/nfa-bench/benchmarks/bool_comb/cox/inter_unsat-400-rhs.mata;0.22;0.18020039999999998;0.011604; 0.0128339000; 0.0003491000; False; 0.0278471000; 0.2523079000;1.25;0.051297300000000004;0.0120314; 0.0107750000; 0.0017375000; False; 0.0275026000; 0.1454225000;TO;0.14177192300000002
/home/experiments/nfa-bench/benchmarks/bool_comb/cox/inter_unsat-450-lhs.mata,/home/experiments/nfa-bench/benchmarks/bool_comb/cox/inter_unsat-450-rhs.mata;0.24;0.1694182;0.0230791; 0.0104935000; 0.0003508000; False; 0.0399519000; 0.2853599000;1.29;0.0537093;0.0144845; 0.0103109000; 0.0003544000; False; 0.0278474000; 0.1395155000;TO;0.069300415
/home/experiments/nfa-bench/benchmarks/bool_comb/cox/inter_unsat-50-lhs.mata,/home/experiments/nfa-bench/benchmarks/bool_comb/cox/inter_unsat-50-rhs.mata;0.14;0.08238809999999999;0.0096876; 0.0077010000; 0.0001977000; False; 0.0202143000; 0.1547108000;0.95;0.0431625;0.0103051; 0.0079439000; 0.0002072000; False; 0.0212631000; 0.1276603000;TO;0.039797032999999996
/home/experiments/nfa-bench/benchmarks/bool_comb/cox/inter_unsat-500-lhs.mata,/home/experiments/nfa-bench/benchmarks/bool_comb/cox/inter_unsat-500-rhs.mata;0.2;0.16673280000000001;0.008111799999999999; 0.0094449000; 0.0002943000; False; 0.0198137000; 0.3024624000;1.15;0.0395663;0.007353; 0.0062405000; 0.0002295000; False; 0.0157289000; 0.1024673000;TO;0.057628743
/home/experiments/nfa-bench/benchmarks/bool_comb/cox/inter_unsat-550-lhs.mata,/home/experiments/nfa-bench/benchmarks/bool_comb/cox/inter_unsat-550-rhs.mata;0.27;0.2282019;0.012686; 0.0123268000; 0.0004044000; False; 0.0290632000; 0.3034009000;1.35;0.0727029;0.013705; 0.0125718000; 0.0004421000; False; 0.0298446000; 0.1619205000;TO;0.082596085
/home/experiments/nfa-bench/benchmarks/bool_comb/cox/inter_unsat-600-lhs.mata,/home/experiments/nfa-bench/benchmarks/bool_comb/cox/inter_unsat-600-rhs.mata;0.27;0.1946124;0.0128897; 0.0173086000; 0.0003780000; False; 0.0335224000; 0.2751684000;1.53;0.0779413;0.0149944; 0.0130706000; 0.0004080000; False; 0.0318465000; 0.1811751000;TO;0.112839889
/home/experiments/nfa-bench/benchmarks/bool_comb/cox/inter_unsat-650-lhs.mata,/home/experiments/nfa-bench/benchmarks/bool_comb/cox/inter_unsat-650-rhs.mata;0.29;0.26134620000000003;0.028398800000000002; 0.0258421000; 0.0004879000; False; 0.0579542000; 0.3695000000;1.44;0.0725649;0.0136974; 0.0129409000; 0.0003673000; False; 0.0299731000; 0.1756133000;TO;0.08179922099999999
/home/experiments/nfa-bench/benchmarks/bool_comb/cox/inter_unsat-700-lhs.mata,/home/experiments/nfa-bench/benchmarks/bool_comb/cox/inter_unsat-700-rhs.mata;0.29;0.2236069;0.019073899999999998; 0.0125878000; 0.0004151000; False; 0.0349485000; 0.3046046000;1.52;0.0717144;0.0131071; 0.0119277000; 0.0003533000; False; 0.0288473000; 0.1648919000;TO;0.127703053
/home/experiments/nfa-bench/benchmarks/bool_comb/cox/inter_unsat-750-lhs.mata,/home/experiments/nfa-bench/benchmarks/bool_comb/cox/inter_unsat-750-rhs.mata;0.32;0.26349710000000004;0.014707; 0.0130957000; 0.0003672000; False; 0.0317446000; 0.3447311000;1.5;0.047347299999999995;0.0100091; 0.0082425000; 0.0003116000; False; 0.0209474000; 0.1113231000;TO;0.09789703799999999
/home/experiments/nfa-bench/benchmarks/bool_comb/cox/inter_unsat-800-lhs.mata,/home/experiments/nfa-bench/benchmarks/bool_comb/cox/inter_unsat-800-rhs.mata;0.3;0.2416179;0.013687600000000001; 0.0132372000; 0.0003501000; False; 0.0301245000; 0.3197088000;1.53;0.0753726;0.0252584; 0.0132103000; 0.0003749000; False; 0.0418500000; 0.1831932000;TO;0.08396496
/home/experiments/nfa-bench/benchmarks/bool_comb/cox/inter_unsat-850-lhs.mata,/home/experiments/nfa-bench/benchmarks/bool_comb/cox/inter_unsat-850-rhs.mata;0.33;0.2981827;0.0145632; 0.0290112000; 0.0003768000; False; 0.0470195000; 0.4110353000;1.48;0.0711893;0.014117500000000002; 0.0131984000; 0.0003547000; False; 0.0306021000; 0.1613695000;TO;0.097161006
/home/experiments/nfa-bench/benchmarks/bool_comb/cox/inter_unsat-900-lhs.mata,/home/experiments/nfa-bench/benchmarks/bool_comb/cox/inter_unsat-900-rhs.mata;0.35;0.278516;0.015042400000000001; 0.0143523000; 0.0003836000; False; 0.0329142000; 0.3606541000;1.76;0.0948369;0.015858; 0.0143444000; 0.0003621000; False; 0.0337980000; 0.2245058000;TO;0.141703401
/home/experiments/nfa-bench/benchmarks/bool_comb/cox/inter_unsat-950-lhs.mata,/home/experiments/nfa-bench/benchmarks/bool_comb/cox/inter_unsat-950-rhs.mata;0.28;0.232821;0.009441999999999999; 0.0085986000; 0.0002781000; False; 0.0203587000; 0.2834345000;1.27;0.0879117;0.0161568; 0.0281085000; 0.0003861000; False; 0.0482029000; 0.2039332000;TO;0.083830713
