name;automata-runtime;automata-construction;automata-trim;automata-uni;automata-emptiness_check;automata-emptiness_result;automata-interpretation;automata-overall;automata-min-runtime;automata-min-construction;automata-min-trim;automata-min-uni;automata-min-emptiness_check;automata-min-emptiness_result;automata-min-interpretation;automata-min-overall
/home/experiments/nfa-bench/benchmarks/bool_comb/cox/diff_sat-50-lhs.mata,/home/experiments/nfa-bench/benchmarks/bool_comb/cox/diff_sat-50-rhs.mata;0.11;0.130708;0.017544; 0.0112833000; 0.0001813000; False; 0.0369788000; 0.2208935000;0.8;0.036440200000000006;0.008408; 0.0069079000; 0.0001664000; False; 0.0177629000; 0.1037101000
/home/experiments/nfa-bench/benchmarks/bool_comb/cox/diff_sat-100-lhs.mata,/home/experiments/nfa-bench/benchmarks/bool_comb/cox/diff_sat-100-rhs.mata;0.15;0.1360178;0.0174522; 0.0096049000; 0.0001912000; False; 0.0342505000; 0.2128207000;0.77;0.0408802;0.010668799999999999; 0.0081841000; 0.0002653000; False; 0.0223870000; 0.1050372000
/home/experiments/nfa-bench/benchmarks/bool_comb/cox/diff_sat-1000-lhs.mata,/home/experiments/nfa-bench/benchmarks/bool_comb/cox/diff_sat-1000-rhs.mata;0.29;0.2938399;0.0125405; 0.0129894000; 0.0002931000; False; 0.0284128000; 0.3618232000;1.3;0.0749146;0.014288499999999999; 0.0252929000; 0.0003618000; False; 0.0424128000; 0.2150349000
/home/experiments/nfa-bench/benchmarks/bool_comb/cox/diff_sat-150-lhs.mata,/home/experiments/nfa-bench/benchmarks/bool_comb/cox/diff_sat-150-rhs.mata;0.16;0.12261090000000001;0.0088964; 0.0071732000; 0.0002005000; False; 0.0186155000; 0.1844002000;0.9;0.0414827;0.008972100000000002; 0.0079847000; 0.0002509000; False; 0.0194615000; 0.1153350000
/home/experiments/nfa-bench/benchmarks/bool_comb/cox/diff_sat-200-lhs.mata,/home/experiments/nfa-bench/benchmarks/bool_comb/cox/diff_sat-200-rhs.mata;0.17;0.09545250000000001;0.0089346; 0.0093391000; 0.0002790000; False; 0.0210008000; 0.1603259000;0.85;0.029151200000000002;0.009676099999999998; 0.0082789000; 0.0001718000; False; 0.0206052000; 0.0873969000
/home/experiments/nfa-bench/benchmarks/bool_comb/cox/diff_sat-250-lhs.mata,/home/experiments/nfa-bench/benchmarks/bool_comb/cox/diff_sat-250-rhs.mata;0.18;0.10443640000000001;0.0090329; 0.0074547000; 0.0001907000; False; 0.0193293000; 0.1671268000;1.0;0.0528845;0.010282; 0.0086532000; 0.0003220000; False; 0.0218085000; 0.1561031000
/home/experiments/nfa-bench/benchmarks/bool_comb/cox/diff_sat-300-lhs.mata,/home/experiments/nfa-bench/benchmarks/bool_comb/cox/diff_sat-300-rhs.mata;0.18;0.1182204;0.0100137; 0.0105604000; 0.0001987000; False; 0.0232241000; 0.2132262000;0.99;0.046771900000000005;0.0182129; 0.0053387000; 0.0001543000; False; 0.0349407000; 0.1547051000
/home/experiments/nfa-bench/benchmarks/bool_comb/cox/diff_sat-350-lhs.mata,/home/experiments/nfa-bench/benchmarks/bool_comb/cox/diff_sat-350-rhs.mata;0.18;0.12268570000000001;0.0099811; 0.0089206000; 0.0002028000; False; 0.0214906000; 0.1868909000;0.91;0.0328483;0.011256000000000002; 0.0098434000; 0.0002682000; False; 0.0241420000; 0.0989698000
/home/experiments/nfa-bench/benchmarks/bool_comb/cox/diff_sat-400-lhs.mata,/home/experiments/nfa-bench/benchmarks/bool_comb/cox/diff_sat-400-rhs.mata;0.18;0.1305148;0.0144724; 0.0097122000; 0.0003431000; False; 0.0354087000; 0.2020289000;1.07;0.031332399999999996;0.0068143; 0.0057729000; 0.0001643000; False; 0.0145597000; 0.0821444000
/home/experiments/nfa-bench/benchmarks/bool_comb/cox/diff_sat-450-lhs.mata,/home/experiments/nfa-bench/benchmarks/bool_comb/cox/diff_sat-450-rhs.mata;0.16;0.1211223;0.006819; 0.0058069000; 0.0002027000; False; 0.0147453000; 0.1888765000;1.14;0.050149;0.0091678; 0.0060350000; 0.0002372000; False; 0.0172022000; 0.1230059000
/home/experiments/nfa-bench/benchmarks/bool_comb/cox/diff_sat-500-lhs.mata,/home/experiments/nfa-bench/benchmarks/bool_comb/cox/diff_sat-500-rhs.mata;0.19;0.1177658;0.011747800000000001; 0.0133196000; 0.0002716000; False; 0.0282169000; 0.1770017000;1.11;0.061024800000000004;0.010754300000000001; 0.0098796000; 0.0003292000; False; 0.0234130000; 0.1425074000
/home/experiments/nfa-bench/benchmarks/bool_comb/cox/diff_sat-550-lhs.mata,/home/experiments/nfa-bench/benchmarks/bool_comb/cox/diff_sat-550-rhs.mata;0.19;0.1338739;0.009838300000000001; 0.0061675000; 0.0001817000; False; 0.0187534000; 0.1876402000;1.17;0.0430488;0.011206800000000001; 0.0101793000; 0.0002932000; False; 0.0242402000; 0.1661146000
/home/experiments/nfa-bench/benchmarks/bool_comb/cox/diff_sat-600-lhs.mata,/home/experiments/nfa-bench/benchmarks/bool_comb/cox/diff_sat-600-rhs.mata;0.2;0.141764;0.0089995; 0.0139972000; 0.0002249000; False; 0.0249803000; 0.1965498000;1.12;0.0382152;0.0072623; 0.0063452000; 0.0001733000; False; 0.0155291000; 0.0948419000
/home/experiments/nfa-bench/benchmarks/bool_comb/cox/diff_sat-650-lhs.mata,/home/experiments/nfa-bench/benchmarks/bool_comb/cox/diff_sat-650-rhs.mata;0.27;0.2319175;0.0142513; 0.0115146000; 0.0003913000; False; 0.0291025000; 0.3050198000;1.12;0.0497122;0.012245200000000001; 0.0113514000; 0.0003525000; False; 0.0264412000; 0.1166268000
/home/experiments/nfa-bench/benchmarks/bool_comb/cox/diff_sat-700-lhs.mata,/home/experiments/nfa-bench/benchmarks/bool_comb/cox/diff_sat-700-rhs.mata;0.27;0.1936458;0.0176489; 0.0119300000; 0.0003130000; False; 0.0324639000; 0.2669445000;1.19;0.0630766;0.0122331; 0.0115429000; 0.0003385000; False; 0.0266887000; 0.1441487000
/home/experiments/nfa-bench/benchmarks/bool_comb/cox/diff_sat-750-lhs.mata,/home/experiments/nfa-bench/benchmarks/bool_comb/cox/diff_sat-750-rhs.mata;0.22;0.18446780000000002;0.0075858; 0.0069798000; 0.0001374000; False; 0.0164029000; 0.2339105000;1.25;0.0693003;0.0119496; 0.0106417000; 0.0002997000; False; 0.0254599000; 0.2104600000
/home/experiments/nfa-bench/benchmarks/bool_comb/cox/diff_sat-800-lhs.mata,/home/experiments/nfa-bench/benchmarks/bool_comb/cox/diff_sat-800-rhs.mata;0.2;0.1813103;0.0080743; 0.0067908000; 0.0001618000; False; 0.0166623000; 0.2302493000;1.43;0.0690865;0.0147093; 0.0118640000; 0.0002615000; False; 0.0295402000; 0.1599157000
/home/experiments/nfa-bench/benchmarks/bool_comb/cox/diff_sat-850-lhs.mata,/home/experiments/nfa-bench/benchmarks/bool_comb/cox/diff_sat-850-rhs.mata;0.3;0.2326786;0.011399399999999999; 0.0120621000; 0.0003169000; False; 0.0259484000; 0.2995367000;1.44;0.0429667;0.008426399999999999; 0.0073301000; 0.0001818000; False; 0.0180588000; 0.1015302000
/home/experiments/nfa-bench/benchmarks/bool_comb/cox/diff_sat-900-lhs.mata,/home/experiments/nfa-bench/benchmarks/bool_comb/cox/diff_sat-900-rhs.mata;0.29;0.2247436;0.0149921; 0.0144100000; 0.0002587000; False; 0.0328857000; 0.2897474000;1.35;0.0745559;0.0127675; 0.0124873000; 0.0002115000; False; 0.0278599000; 0.1682360000
/home/experiments/nfa-bench/benchmarks/bool_comb/cox/diff_sat-950-lhs.mata,/home/experiments/nfa-bench/benchmarks/bool_comb/cox/diff_sat-950-rhs.mata;0.28;0.2183899;0.0081893; 0.0075076000; 0.0002225000; False; 0.0176608000; 0.2747464000;1.3;0.0723898;0.0126208; 0.0222479000; 0.0003390000; False; 0.0377458000; 0.2288322000
/home/experiments/nfa-bench/benchmarks/bool_comb/cox/diff_unsat-100-lhs.mata,/home/experiments/nfa-bench/benchmarks/bool_comb/cox/diff_unsat-100-rhs.mata;0.1;0.0467386;0.0099064; 0.0075308000; 0.0001898000; False; 0.0198079000; 0.0924655000;0.79;0.0311165;0.0058672; 0.0045223000; 0.0001236000; False; 0.0120918000; 0.0907855000
/home/experiments/nfa-bench/benchmarks/bool_comb/cox/diff_unsat-1000-lhs.mata,/home/experiments/nfa-bench/benchmarks/bool_comb/cox/diff_unsat-1000-rhs.mata;0.33;0.2747795;0.012382999999999998; 0.0136264000; 0.0003672000; False; 0.0287659000; 0.3590855000;1.48;0.0711285;0.015046; 0.0266705000; 0.0003050000; False; 0.0447854000; 0.1773905000
/home/experiments/nfa-bench/benchmarks/bool_comb/cox/diff_unsat-150-lhs.mata,/home/experiments/nfa-bench/benchmarks/bool_comb/cox/diff_unsat-150-rhs.mata;0.15;0.0816676;0.0098469; 0.0079197000; 0.0002273000; False; 0.0203830000; 0.1448600000;0.9;0.0402525;0.008830200000000002; 0.0080873000; 0.0002241000; False; 0.0194140000; 0.1139660000
/home/experiments/nfa-bench/benchmarks/bool_comb/cox/diff_unsat-200-lhs.mata,/home/experiments/nfa-bench/benchmarks/bool_comb/cox/diff_unsat-200-rhs.mata;0.12;0.0570772;0.0090892; 0.0090320000; 0.0002349000; False; 0.0201034000; 0.1147808000;0.94;0.0260637;0.0059211; 0.0051516000; 0.0001339000; False; 0.0127379000; 0.0829584000
/home/experiments/nfa-bench/benchmarks/bool_comb/cox/diff_unsat-250-lhs.mata,/home/experiments/nfa-bench/benchmarks/bool_comb/cox/diff_unsat-250-rhs.mata;0.19;0.14409750000000002;0.009870199999999999; 0.0083405000; 0.0002089000; False; 0.0212070000; 0.2172619000;0.95;0.037759600000000004;0.0065005; 0.0052893000; 0.0001673000; False; 0.0137940000; 0.1009023000
/home/experiments/nfa-bench/benchmarks/bool_comb/cox/diff_unsat-300-lhs.mata,/home/experiments/nfa-bench/benchmarks/bool_comb/cox/diff_unsat-300-rhs.mata;0.19;0.11543619999999999;0.0104103; 0.0115158000; 0.0002717000; False; 0.0250817000; 0.1847136000;0.98;0.0299583;0.0091182; 0.0103316000; 0.0003042000; False; 0.0216827000; 0.0863056000
/home/experiments/nfa-bench/benchmarks/bool_comb/cox/diff_unsat-350-lhs.mata,/home/experiments/nfa-bench/benchmarks/bool_comb/cox/diff_unsat-350-rhs.mata;0.2;0.1205358;0.0099956; 0.0085983000; 0.0002215000; False; 0.0214656000; 0.1835946000;1.09;0.0496502;0.01067; 0.0093303000; 0.0003277000; False; 0.0231207000; 0.1285874000
/home/experiments/nfa-bench/benchmarks/bool_comb/cox/diff_unsat-400-lhs.mata,/home/experiments/nfa-bench/benchmarks/bool_comb/cox/diff_unsat-400-rhs.mata;0.19;0.1581302;0.0067522; 0.0071678000; 0.0001557000; False; 0.0156950000; 0.2187929000;1.14;0.047445999999999995;0.0095108; 0.0078555000; 0.0001411000; False; 0.0197112000; 0.1178663000
/home/experiments/nfa-bench/benchmarks/bool_comb/cox/diff_unsat-450-lhs.mata,/home/experiments/nfa-bench/benchmarks/bool_comb/cox/diff_unsat-450-rhs.mata;0.21;0.1511376;0.0104481; 0.0092330000; 0.0002084000; False; 0.0223064000; 0.2128227000;1.22;0.050571;0.0088229; 0.0060339000; 0.0001917000; False; 0.0166730000; 0.1505495000
/home/experiments/nfa-bench/benchmarks/bool_comb/cox/diff_unsat-50-lhs.mata,/home/experiments/nfa-bench/benchmarks/bool_comb/cox/diff_unsat-50-rhs.mata;0.11;0.041489700000000004;0.0057836; 0.0044403000; 0.0001275000; False; 0.0122409000; 0.0966181000;0.91;0.0358453;0.0081984; 0.0069110000; 0.0001635000; False; 0.0174382000; 0.1018015000
/home/experiments/nfa-bench/benchmarks/bool_comb/cox/diff_unsat-500-lhs.mata,/home/experiments/nfa-bench/benchmarks/bool_comb/cox/diff_unsat-500-rhs.mata;0.23;0.1605545;0.0121244; 0.0134038000; 0.0003551000; False; 0.0291002000; 0.2813996000;0.98;0.0779807;0.010507200000000001; 0.0058858000; 0.0001542000; False; 0.0194462000; 0.1744368000
/home/experiments/nfa-bench/benchmarks/bool_comb/cox/diff_unsat-550-lhs.mata,/home/experiments/nfa-bench/benchmarks/bool_comb/cox/diff_unsat-550-rhs.mata;0.16;0.0986245;0.006545499999999999; 0.0060622000; 0.0001497000; False; 0.0145260000; 0.1490996000;1.26;0.0618337;0.011218500000000001; 0.0115330000; 0.0003356000; False; 0.0259021000; 0.1442982000
/home/experiments/nfa-bench/benchmarks/bool_comb/cox/diff_unsat-600-lhs.mata,/home/experiments/nfa-bench/benchmarks/bool_comb/cox/diff_unsat-600-rhs.mata;0.19;0.1311658;0.0075621; 0.0095136000; 0.0001609000; False; 0.0192275000; 0.1871629000;1.23;0.0627123;0.0109216; 0.0100510000; 0.0003171000; False; 0.0237073000; 0.1430415000
/home/experiments/nfa-bench/benchmarks/bool_comb/cox/diff_unsat-650-lhs.mata,/home/experiments/nfa-bench/benchmarks/bool_comb/cox/diff_unsat-650-rhs.mata;0.22;0.1531951;0.0115873; 0.0112279000; 0.0003413000; False; 0.0260277000; 0.2164808000;1.22;0.060358800000000004;0.0106022; 0.0102229000; 0.0002053000; False; 0.0233110000; 0.1407326000
/home/experiments/nfa-bench/benchmarks/bool_comb/cox/diff_unsat-700-lhs.mata,/home/experiments/nfa-bench/benchmarks/bool_comb/cox/diff_unsat-700-rhs.mata;0.21;0.1461619;0.0098181; 0.0063597000; 0.0002023000; False; 0.0184028000; 0.2073792000;1.08;0.06198719999999999;0.0121484; 0.0110951000; 0.0002605000; False; 0.0264997000; 0.1386981000
/home/experiments/nfa-bench/benchmarks/bool_comb/cox/diff_unsat-750-lhs.mata,/home/experiments/nfa-bench/benchmarks/bool_comb/cox/diff_unsat-750-rhs.mata;0.29;0.2117112;0.011185800000000001; 0.0110281000; 0.0002974000; False; 0.0253097000; 0.2807217000;1.22;0.0601781;0.0204831; 0.0197892000; 0.0002874000; False; 0.0535615000; 0.1567678000
/home/experiments/nfa-bench/benchmarks/bool_comb/cox/diff_unsat-800-lhs.mata,/home/experiments/nfa-bench/benchmarks/bool_comb/cox/diff_unsat-800-rhs.mata;0.31;0.22820020000000002;0.012856; 0.0126200000; 0.0003400000; False; 0.0289375000; 0.3039615000;1.42;0.0850388;0.0123805; 0.0112374000; 0.0002038000; False; 0.0267647000; 0.1922636000
/home/experiments/nfa-bench/benchmarks/bool_comb/cox/diff_unsat-850-lhs.mata,/home/experiments/nfa-bench/benchmarks/bool_comb/cox/diff_unsat-850-rhs.mata;0.27;0.21397690000000003;0.0143612; 0.0134484000; 0.0002225000; False; 0.0313496000; 0.2889569000;1.26;0.0692704;0.011979399999999998; 0.0117926000; 0.0002271000; False; 0.0265214000; 0.1564884000
/home/experiments/nfa-bench/benchmarks/bool_comb/cox/diff_unsat-900-lhs.mata,/home/experiments/nfa-bench/benchmarks/bool_comb/cox/diff_unsat-900-rhs.mata;0.32;0.2814312;0.0121487; 0.0119847000; 0.0002830000; False; 0.0268038000; 0.3761263000;1.41;0.0544641;0.0095463; 0.0076976000; 0.0001648000; False; 0.0196106000; 0.1615596000
/home/experiments/nfa-bench/benchmarks/bool_comb/cox/diff_unsat-950-lhs.mata,/home/experiments/nfa-bench/benchmarks/bool_comb/cox/diff_unsat-950-rhs.mata;0.21;0.1821178;0.0084254; 0.0073217000; 0.0002252000; False; 0.0189217000; 0.2606669000;1.45;0.041335699999999996;0.0090273; 0.0149122000; 0.0002508000; False; 0.0261232000; 0.1040485000
/home/experiments/nfa-bench/benchmarks/bool_comb/cox/inter_sat-100-lhs.mata,/home/experiments/nfa-bench/benchmarks/bool_comb/cox/inter_sat-100-rhs.mata;0.11;0.0461715;0.006269299999999999; 0.0050125000; 0.0001232000; False; 0.0131873000; 0.1391271000;0.86;0.08046809999999999;0.008967000000000001; 0.0075003000; 0.0002037000; False; 0.0192920000; 0.1507106000
/home/experiments/nfa-bench/benchmarks/bool_comb/cox/inter_sat-1000-lhs.mata,/home/experiments/nfa-bench/benchmarks/bool_comb/cox/inter_sat-1000-rhs.mata;0.22;0.1589663;0.0097108; 0.0086538000; 0.0002376000; False; 0.0206014000; 0.2088601000;1.69;0.0750281;0.0134926; 0.0247564000; 0.0002216000; False; 0.0409419000; 0.1836833000
/home/experiments/nfa-bench/benchmarks/bool_comb/cox/inter_sat-150-lhs.mata,/home/experiments/nfa-bench/benchmarks/bool_comb/cox/inter_sat-150-rhs.mata;0.13;0.060525;0.0059464; 0.0073814000; 0.0002709000; False; 0.0156332000; 0.1155251000;0.9;0.0265161;0.0067399; 0.0053175000; 0.0001718000; False; 0.0144291000; 0.0764725000
/home/experiments/nfa-bench/benchmarks/bool_comb/cox/inter_sat-200-lhs.mata,/home/experiments/nfa-bench/benchmarks/bool_comb/cox/inter_sat-200-rhs.mata;0.12;0.0599048;0.0091238; 0.0092199000; 0.0002656000; False; 0.0212795000; 0.1086481000;0.95;0.030998400000000002;0.0101771; 0.0085059000; 0.0001849000; False; 0.0219056000; 0.0941387000
/home/experiments/nfa-bench/benchmarks/bool_comb/cox/inter_sat-250-lhs.mata,/home/experiments/nfa-bench/benchmarks/bool_comb/cox/inter_sat-250-rhs.mata;0.15;0.09694069999999999;0.0096364; 0.0095828000; 0.0003763000; False; 0.0231233000; 0.1526630000;1.07;0.0279978;0.0064421; 0.0052882000; 0.0001562000; False; 0.0138189000; 0.1255148000
/home/experiments/nfa-bench/benchmarks/bool_comb/cox/inter_sat-300-lhs.mata,/home/experiments/nfa-bench/benchmarks/bool_comb/cox/inter_sat-300-rhs.mata;0.11;0.0675857;0.0061101; 0.0067994000; 0.0001808000; False; 0.0148928000; 0.1095338000;0.96;0.0487726;0.0075639999999999995; 0.0052157000; 0.0001515000; False; 0.0155639000; 0.1117410000
/home/experiments/nfa-bench/benchmarks/bool_comb/cox/inter_sat-350-lhs.mata,/home/experiments/nfa-bench/benchmarks/bool_comb/cox/inter_sat-350-rhs.mata;0.19;0.13071729999999998;0.010803499999999999; 0.0092101000; 0.0002239000; False; 0.0233319000; 0.2481091000;1.04;0.050095600000000004;0.010747900000000001; 0.0097796000; 0.0003327000; False; 0.0238259000; 0.1292420000
/home/experiments/nfa-bench/benchmarks/bool_comb/cox/inter_sat-400-lhs.mata,/home/experiments/nfa-bench/benchmarks/bool_comb/cox/inter_sat-400-rhs.mata;0.15;0.1424339;0.0090382; 0.0059519000; 0.0001506000; False; 0.0174014000; 0.1895210000;1.16;0.051537900000000005;0.011128200000000001; 0.0099982000; 0.0001910000; False; 0.0241559000; 0.1310449000
/home/experiments/nfa-bench/benchmarks/bool_comb/cox/inter_sat-450-lhs.mata,/home/experiments/nfa-bench/benchmarks/bool_comb/cox/inter_sat-450-rhs.mata;0.18;0.1102678;0.014827; 0.0101152000; 0.0002662000; False; 0.0283690000; 0.1742163000;0.95;0.035477800000000004;0.0092595; 0.0059955000; 0.0001852000; False; 0.0174528000; 0.0888928000
/home/experiments/nfa-bench/benchmarks/bool_comb/cox/inter_sat-50-lhs.mata,/home/experiments/nfa-bench/benchmarks/bool_comb/cox/inter_sat-50-rhs.mata;0.13;0.06286649999999999;0.0091222; 0.0151140000; 0.0001252000; False; 0.0266574000; 0.1324850000;0.91;0.0359807;0.009042699999999999; 0.0069261000; 0.0001753000; False; 0.0188274000; 0.1038921000
/home/experiments/nfa-bench/benchmarks/bool_comb/cox/inter_sat-500-lhs.mata,/home/experiments/nfa-bench/benchmarks/bool_comb/cox/inter_sat-500-rhs.mata;0.17;0.1660848;0.007765; 0.0088395000; 0.0002296000; False; 0.0235885000; 0.2168642000;1.02;0.0611448;0.0110437; 0.0103187000; 0.0002515000; False; 0.0240285000; 0.1533196000
/home/experiments/nfa-bench/benchmarks/bool_comb/cox/inter_sat-550-lhs.mata,/home/experiments/nfa-bench/benchmarks/bool_comb/cox/inter_sat-550-rhs.mata;0.2;0.1329371;0.0078387; 0.0067275000; 0.0002358000; False; 0.0171804000; 0.1897169000;1.34;0.0606643;0.0131051; 0.0116648000; 0.0003181000; False; 0.0281794000; 0.1464317000
/home/experiments/nfa-bench/benchmarks/bool_comb/cox/inter_sat-600-lhs.mata,/home/experiments/nfa-bench/benchmarks/bool_comb/cox/inter_sat-600-rhs.mata;0.17;0.10752719999999999;0.011998000000000002; 0.0154725000; 0.0002681000; False; 0.0307303000; 0.1946061000;1.23;0.0628157;0.011392399999999999; 0.0098167000; 0.0003528000; False; 0.0245011000; 0.1492709000
/home/experiments/nfa-bench/benchmarks/bool_comb/cox/inter_sat-650-lhs.mata,/home/experiments/nfa-bench/benchmarks/bool_comb/cox/inter_sat-650-rhs.mata;0.22;0.22730029999999998;0.0068153; 0.0060980000; 0.0001434000; False; 0.0147845000; 0.2792210000;1.33;0.06292299999999999;0.0110848; 0.0105078000; 0.0003844000; False; 0.0247844000; 0.1487038000
/home/experiments/nfa-bench/benchmarks/bool_comb/cox/inter_sat-700-lhs.mata,/home/experiments/nfa-bench/benchmarks/bool_comb/cox/inter_sat-700-rhs.mata;0.19;0.1317814;0.0119735; 0.0069164000; 0.0003102000; False; 0.0216648000; 0.2112441000;1.29;0.058766900000000004;0.0071569; 0.0076403000; 0.0001788000; False; 0.0168504000; 0.1275298000
/home/experiments/nfa-bench/benchmarks/bool_comb/cox/inter_sat-750-lhs.mata,/home/experiments/nfa-bench/benchmarks/bool_comb/cox/inter_sat-750-rhs.mata;0.2;0.1537532;0.0076227; 0.0066292000; 0.0001873000; False; 0.0163009000; 0.2017898000;1.08;0.0604166;0.007396000000000001; 0.0063665000; 0.0001337000; False; 0.0156029000; 0.1254865000
/home/experiments/nfa-bench/benchmarks/bool_comb/cox/inter_sat-800-lhs.mata,/home/experiments/nfa-bench/benchmarks/bool_comb/cox/inter_sat-800-rhs.mata;0.3;0.2204678;0.012554199999999998; 0.0120911000; 0.0003064000; False; 0.0275825000; 0.2919778000;1.5;0.064206;0.0121143; 0.0110170000; 0.0002718000; False; 0.0257959000; 0.1482845000
/home/experiments/nfa-bench/benchmarks/bool_comb/cox/inter_sat-850-lhs.mata,/home/experiments/nfa-bench/benchmarks/bool_comb/cox/inter_sat-850-rhs.mata;0.31;0.26242869999999996;0.011890800000000002; 0.0118395000; 0.0002890000; False; 0.0269862000; 0.3314966000;1.49;0.0657287;0.0118155; 0.0113359000; 0.0002104000; False; 0.0281678000; 0.1535125000
/home/experiments/nfa-bench/benchmarks/bool_comb/cox/inter_sat-900-lhs.mata,/home/experiments/nfa-bench/benchmarks/bool_comb/cox/inter_sat-900-rhs.mata;0.31;0.2789507;0.011902099999999999; 0.0123340000; 0.0003184000; False; 0.0273508000; 0.3559416000;1.52;0.0731695;0.012245899999999999; 0.0119729000; 0.0002567000; False; 0.0271528000; 0.1618860000
/home/experiments/nfa-bench/benchmarks/bool_comb/cox/inter_sat-950-lhs.mata,/home/experiments/nfa-bench/benchmarks/bool_comb/cox/inter_sat-950-rhs.mata;0.22;0.1867956;0.007736999999999999; 0.0073847000; 0.0001712000; False; 0.0169079000; 0.2304873000;1.13;0.0574475;0.0154315; 0.0243090000; 0.0002459000; False; 0.0431660000; 0.1456106000
/home/experiments/nfa-bench/benchmarks/bool_comb/cox/inter_unsat-100-lhs.mata,/home/experiments/nfa-bench/benchmarks/bool_comb/cox/inter_unsat-100-rhs.mata;0.15;0.0778781;0.0093526; 0.0073047000; 0.0001768000; False; 0.0197170000; 0.1421804000;0.69;0.0398311;0.0089731; 0.0078953000; 0.0002208000; False; 0.0198161000; 0.1483314000
/home/experiments/nfa-bench/benchmarks/bool_comb/cox/inter_unsat-1000-lhs.mata,/home/experiments/nfa-bench/benchmarks/bool_comb/cox/inter_unsat-1000-rhs.mata;0.34;0.2619681;0.013874300000000001; 0.0138236000; 0.0003847000; False; 0.0312243000; 0.3349754000;1.24;0.045257099999999995;0.0110075; 0.0190548000; 0.0003253000; False; 0.0329074000; 0.1193616000
/home/experiments/nfa-bench/benchmarks/bool_comb/cox/inter_unsat-150-lhs.mata,/home/experiments/nfa-bench/benchmarks/bool_comb/cox/inter_unsat-150-rhs.mata;0.12;0.0575018;0.0060693; 0.0049085000; 0.0001335000; False; 0.0130073000; 0.1081296000;0.88;0.0426572;0.0095505; 0.0145735000; 0.0002377000; False; 0.0271602000; 0.1256198000
/home/experiments/nfa-bench/benchmarks/bool_comb/cox/inter_unsat-200-lhs.mata,/home/experiments/nfa-bench/benchmarks/bool_comb/cox/inter_unsat-200-rhs.mata;0.15;0.11457999999999999;0.009638599999999999; 0.0094291000; 0.0002270000; False; 0.0220336000; 0.2141764000;0.95;0.0269159;0.0059649; 0.0050120000; 0.0001424000; False; 0.0127772000; 0.0735570000
/home/experiments/nfa-bench/benchmarks/bool_comb/cox/inter_unsat-250-lhs.mata,/home/experiments/nfa-bench/benchmarks/bool_comb/cox/inter_unsat-250-rhs.mata;0.17;0.1005504;0.0099516; 0.0081029000; 0.0003129000; False; 0.0259893000; 0.1679811000;0.99;0.0666335;0.009798799999999998; 0.0080236000; 0.0001651000; False; 0.0203138000; 0.1582764000
/home/experiments/nfa-bench/benchmarks/bool_comb/cox/inter_unsat-300-lhs.mata,/home/experiments/nfa-bench/benchmarks/bool_comb/cox/inter_unsat-300-rhs.mata;0.18;0.11039199999999999;0.0088603; 0.0101811000; 0.0002592000; False; 0.0219249000; 0.2059775000;0.97;0.0413281;0.0103658; 0.0090168000; 0.0003333000; False; 0.0228007000; 0.1046607000
/home/experiments/nfa-bench/benchmarks/bool_comb/cox/inter_unsat-350-lhs.mata,/home/experiments/nfa-bench/benchmarks/bool_comb/cox/inter_unsat-350-rhs.mata;0.14;0.08027770000000001;0.0066009; 0.0054937000; 0.0001681000; False; 0.0141287000; 0.1309432000;0.98;0.0289256;0.0074002; 0.0058559000; 0.0001442000; False; 0.0150830000; 0.1587491000
/home/experiments/nfa-bench/benchmarks/bool_comb/cox/inter_unsat-400-lhs.mata,/home/experiments/nfa-bench/benchmarks/bool_comb/cox/inter_unsat-400-rhs.mata;0.2;0.13165860000000001;0.0109097; 0.0128156000; 0.0046999000; False; 0.0310750000; 0.2028167000;1.12;0.031186600000000002;0.006815700000000001; 0.0059939000; 0.0001885000; False; 0.0148906000; 0.0974582000
/home/experiments/nfa-bench/benchmarks/bool_comb/cox/inter_unsat-450-lhs.mata,/home/experiments/nfa-bench/benchmarks/bool_comb/cox/inter_unsat-450-rhs.mata;0.21;0.1470229;0.0104819; 0.0087012000; 0.0001718000; False; 0.0218242000; 0.2126067000;1.09;0.0484358;0.0094205; 0.0062183000; 0.0002372000; False; 0.0175952000; 0.1181919000
/home/experiments/nfa-bench/benchmarks/bool_comb/cox/inter_unsat-50-lhs.mata,/home/experiments/nfa-bench/benchmarks/bool_comb/cox/inter_unsat-50-rhs.mata;0.14;0.0691773;0.0092906; 0.0072074000; 0.0001911000; False; 0.0192619000; 0.1333018000;0.78;0.037744;0.0089186; 0.0069796000; 0.0001822000; False; 0.0184060000; 0.0963764000
/home/experiments/nfa-bench/benchmarks/bool_comb/cox/inter_unsat-500-lhs.mata,/home/experiments/nfa-bench/benchmarks/bool_comb/cox/inter_unsat-500-rhs.mata;0.23;0.1823346;0.0101765; 0.0119554000; 0.0002091000; False; 0.0249632000; 0.2486018000;1.26;0.0612963;0.010042; 0.0092545000; 0.0001917000; False; 0.0218250000; 0.1410708000
/home/experiments/nfa-bench/benchmarks/bool_comb/cox/inter_unsat-550-lhs.mata,/home/experiments/nfa-bench/benchmarks/bool_comb/cox/inter_unsat-550-rhs.mata;0.24;0.2017028;0.011142699999999998; 0.0104351000; 0.0002469000; False; 0.0248349000; 0.2709405000;1.17;0.0965111;0.0108817; 0.0095637000; 0.0002138000; False; 0.0231155000; 0.1828221000
/home/experiments/nfa-bench/benchmarks/bool_comb/cox/inter_unsat-600-lhs.mata,/home/experiments/nfa-bench/benchmarks/bool_comb/cox/inter_unsat-600-rhs.mata;0.25;0.2132092;0.010892299999999999; 0.0144905000; 0.0003023000; False; 0.0285130000; 0.2862245000;1.18;0.039333599999999996;0.008374; 0.0070653000; 0.0002264000; False; 0.0177619000; 0.1526826000
/home/experiments/nfa-bench/benchmarks/bool_comb/cox/inter_unsat-650-lhs.mata,/home/experiments/nfa-bench/benchmarks/bool_comb/cox/inter_unsat-650-rhs.mata;0.21;0.1728676;0.011966500000000001; 0.0122362000; 0.0003567000; False; 0.0276293000; 0.2435422000;1.24;0.059875;0.0111685; 0.0109077000; 0.0003516000; False; 0.0249819000; 0.1399054000
/home/experiments/nfa-bench/benchmarks/bool_comb/cox/inter_unsat-700-lhs.mata,/home/experiments/nfa-bench/benchmarks/bool_comb/cox/inter_unsat-700-rhs.mata;0.21;0.1543712;0.0108146; 0.0070214000; 0.0002927000; False; 0.0202850000; 0.2085127000;1.17;0.0378517;0.0071139; 0.0060666000; 0.0001582000; False; 0.0152028000; 0.0885792000
/home/experiments/nfa-bench/benchmarks/bool_comb/cox/inter_unsat-750-lhs.mata,/home/experiments/nfa-bench/benchmarks/bool_comb/cox/inter_unsat-750-rhs.mata;0.23;0.17598640000000002;0.0080603; 0.0068213000; 0.0002506000; False; 0.0172575000; 0.2339416000;1.34;0.0646736;0.011989399999999999; 0.0113563000; 0.0002307000; False; 0.0260018000; 0.1480782000
/home/experiments/nfa-bench/benchmarks/bool_comb/cox/inter_unsat-800-lhs.mata,/home/experiments/nfa-bench/benchmarks/bool_comb/cox/inter_unsat-800-rhs.mata;0.18;0.1205621;0.0082843; 0.0086953000; 0.0002503000; False; 0.0192329000; 0.2124598000;1.23;0.0412334;0.0075434000000000005; 0.0070987000; 0.0002451000; False; 0.0166297000; 0.0970513000
/home/experiments/nfa-bench/benchmarks/bool_comb/cox/inter_unsat-850-lhs.mata,/home/experiments/nfa-bench/benchmarks/bool_comb/cox/inter_unsat-850-rhs.mata;0.27;0.2047855;0.011373500000000002; 0.0116304000; 0.0002961000; False; 0.0264500000; 0.2674365000;1.19;0.038661799999999996;0.0071347; 0.0067779000; 0.0001880000; False; 0.0158469000; 0.0904525000
/home/experiments/nfa-bench/benchmarks/bool_comb/cox/inter_unsat-900-lhs.mata,/home/experiments/nfa-bench/benchmarks/bool_comb/cox/inter_unsat-900-rhs.mata;0.31;0.2393205;0.0127055; 0.0128460000; 0.0003410000; False; 0.0288783000; 0.3099668000;1.04;0.0388475;0.0077817; 0.0070480000; 0.0002486000; False; 0.0170202000; 0.0918520000
/home/experiments/nfa-bench/benchmarks/bool_comb/cox/inter_unsat-950-lhs.mata,/home/experiments/nfa-bench/benchmarks/bool_comb/cox/inter_unsat-950-rhs.mata;0.33;0.2600419;0.0130767; 0.0133742000; 0.0003616000; False; 0.0300753000; 0.3399966000;1.0;0.0370902;0.0066458; 0.0116786000; 0.0002033000; False; 0.0201745000; 0.0904969000
